email,username,password,user_id
user1@example.com,user1,$2b$12$cfTP3RYlQExukUdsBRPx/.SF0a5yean1wV.tD.ffaU3dHPqToxdmi,1
user2@example.com,user2,$2b$12$cfTP3RYlQExukUdsBRPx/.SF0a5yean1wV.tD.ffaU3dHPqToxdmi,2
user3@example.com,user3,$2b$12$cfTP3RYlQExukUdsBRPx/.SF0a5yean1wV.tD.ffaU3dHPqToxdmi,3
user4@example.com,user4,$2b$12$cfTP3RYlQExukUdsBRPx/.SF0a5yean1wV.tD.ffaU3dHPqToxdmi,4
user5@example.com,user5,$2b$12$cfTP3RYlQExukUdsBRPx/.SF0a5yean1wV.tD.ffaU3dHPqToxdmi,5
user6@example.com,user6,$2b$12$cfTP3RYlQExukUdsBRPx/.SF0a5yean1wV.tD.ffaU3dHPqToxdmi,6
user7@example.com,user7,$2b$12$cfTP3RYlQExukUdsBRPx/.SF0a5yean1wV.tD.ffaU3dHPqToxdmi,7
user8@example.com,user8,$2b$12$cfTP3RYlQExukUdsBRPx/.SF0a5yean1wV.tD.ffaU3dHPqToxdmi,8
user9@example.com,user9,$2b$12$cfTP3RYlQExukUdsBRPx/.SF0a5yean1wV.tD.ffaU3dHPqToxdmi,9
user10@example.com,user10,$2b$12$cfTP3RYlQExukUdsBRPx/.SF0a5yean1wV.tD.ffaU3dHPqToxdmi,10
user11@example.com,user11,$2b$12$cfTP3RYlQExukUdsBRPx/.SF0a5yean1wV.tD.ffaU3dHPqToxdmi,11
user12@example.com,user12,$2b$12$cfTP3RYlQExukUdsBRPx/.SF0a5yean1wV.tD.ffaU3dHPqToxdmi,12
user13@example.com,user13,$2b$12$cfTP3RYlQExukUdsBRPx/.SF0a5yean1wV.tD.ffaU3dHPqToxdmi,13
user14@example.com,user14,$2b$12$cfTP3RYlQExukUdsBRPx/.SF0a5yean1wV.tD.ffaU3dHPqToxdmi,14
user15@example.com,user15,$2b$12$cfTP3RYlQExukUdsBRPx/.SF0a5yean1wV.tD.ffaU3dHPqToxdmi,15
user16@example.com,user16,$2b$12$cfTP3RYlQExukUdsBRPx/.SF0a5yean1wV.tD.ffaU3dHPqToxdmi,16
user17@example.com,user17,$2b$12$cfTP3RYlQExukUdsBRPx/.SF0a5yean1wV.tD.ffaU3dHPqToxdmi,17
user18@example.com,user18,$2b$12$cfTP3RYlQExukUdsBRPx/.SF0a5yean1wV.tD.ffaU3dHPqToxdmi,18
user19@example.com,user19,$2b$12$cfTP3RYlQExukUdsBRPx/.SF0a5yean1wV.tD.ffaU3dHPqToxdmi,19
user20@example.com,user20,$2b$12$cfTP3RYlQExukUdsBRPx/.SF0a5yean1wV.tD.ffaU3dHPqToxdmi,20
user21@example.com,user21,$2b$12$cfTP3RYlQExukUdsBRPx/.SF0a5yean1wV.tD.ffaU3dHPqToxdmi,21
user22@example.com,user22,$2b$12$cfTP3RYlQExukUdsBRPx/.SF0a5yean1wV.tD.ffaU3dHPqToxdmi,22
user23@example.com,user23,$2b$12$cfTP3RYlQExukUdsBRPx/.SF0a5yean1wV.tD.ffaU3dHPqToxdmi,23
user24@example.com,user24,$2b$12$cfTP3RYlQExukUdsBRPx/.SF0a5yean1wV.tD.ffaU3dHPqToxdmi,24
user25@example.com,user25,$2b$12$cfTP3RYlQExukUdsBRPx/.SF0a5yean1wV.tD.ffaU3dHPqToxdmi,25
user26@example.com,user26,$2b$12$cfTP3RYlQExukUdsBRPx/.SF0a5yean1wV.tD.ffaU3dHPqToxdmi,26
user27@example.com,user27,$2b$12$cfTP3RYlQExukUdsBRPx/.SF0a5yean1wV.tD.ffaU3dHPqToxdmi,27
user28@example.com,user28,$2b$12$cfTP3RYlQExukUdsBRPx/.SF0a5yean1wV.tD.ffaU3dHPqToxdmi,28
user29@example.com,user29,$2b$12$cfTP3RYlQExukUdsBRPx/.SF0a5yean1wV.tD.ffaU3dHPqToxdmi,29
user30@example.com,user30,$2b$12$cfTP3RYlQExukUdsBRPx/.SF0a5yean1wV.tD.ffaU3dHPqToxdmi,30
user31@example.com,user31,$2b$12$cfTP3RYlQExukUdsBRPx/.SF0a5yean1wV.tD.ffaU3dHPqToxdmi,31
user32@example.com,user32,$2b$12$cfTP3RYlQExukUdsBRPx/.SF0a5yean1wV.tD.ffaU3dHPqToxdmi,32
user33@example.com,user33,$2b$12$cfTP3RYlQExukUdsBRPx/.SF0a5yean1wV.tD.ffaU3dHPqToxdmi,33
user34@example.com,user34,$2b$12$cfTP3RYlQExukUdsBRPx/.SF0a5yean1wV.tD.ffaU3dHPqToxdmi,34
user35@example.com,user35,$2b$12$cfTP3RYlQExukUdsBRPx/.SF0a5yean1wV.tD.ffaU3dHPqToxdmi,35
user36@example.com,user36,$2b$12$cfTP3RYlQExukUdsBRPx/.SF0a5yean1wV.tD.ffaU3dHPqToxdmi,36
user37@example.com,user37,$2b$12$cfTP3RYlQExukUdsBRPx/.SF0a5yean1wV.tD.ffaU3dHPqToxdmi,37
user38@example.com,user38,$2b$12$cfTP3RYlQExukUdsBRPx/.SF0a5yean1wV.tD.ffaU3dHPqToxdmi,38
user39@example.com,user39,$2b$12$cfTP3RYlQExukUdsBRPx/.SF0a5yean1wV.tD.ffaU3dHPqToxdmi,39
user40@example.com,user40,$2b$12$cfTP3RYlQExukUdsBRPx/.SF0a5yean1wV.tD.ffaU3dHPqToxdmi,40
user41@example.com,user41,$2b$12$cfTP3RYlQExukUdsBRPx/.SF0a5yean1wV.tD.ffaU3dHPqToxdmi,41
user42@example.com,user42,$2b$12$cfTP3RYlQExukUdsBRPx/.SF0a5yean1wV.tD.ffaU3dHPqToxdmi,42
user43@example.com,user43,$2b$12$cfTP3RYlQExukUdsBRPx/.SF0a5yean1wV.tD.ffaU3dHPqToxdmi,43
user44@example.com,user44,$2b$12$cfTP3RYlQExukUdsBRPx/.SF0a5yean1wV.tD.ffaU3dHPqToxdmi,44
user45@example.com,user45,$2b$12$cfTP3RYlQExukUdsBRPx/.SF0a5yean1wV.tD.ffaU3dHPqToxdmi,45
user46@example.com,user46,$2b$12$cfTP3RYlQExukUdsBRPx/.SF0a5yean1wV.tD.ffaU3dHPqToxdmi,46
user47@example.com,user47,$2b$12$cfTP3RYlQExukUdsBRPx/.SF0a5yean1wV.tD.ffaU3dHPqToxdmi,47
user48@example.com,user48,$2b$12$cfTP3RYlQExukUdsBRPx/.SF0a5yean1wV.tD.ffaU3dHPqToxdmi,48
user49@example.com,user49,$2b$12$cfTP3RYlQExukUdsBRPx/.SF0a5yean1wV.tD.ffaU3dHPqToxdmi,49
user50@example.com,user50,$2b$12$cfTP3RYlQExukUdsBRPx/.SF0a5yean1wV.tD.ffaU3dHPqToxdmi,50
user51@example.com,user51,$2b$12$cfTP3RYlQExukUdsBRPx/.SF0a5yean1wV.tD.ffaU3dHPqToxdmi,51
user52@example.com,user52,$2b$12$cfTP3RYlQExukUdsBRPx/.SF0a5yean1wV.tD.ffaU3dHPqToxdmi,52
user53@example.com,user53,$2b$12$cfTP3RYlQExukUdsBRPx/.SF0a5yean1wV.tD.ffaU3dHPqToxdmi,53
user54@example.com,user54,$2b$12$cfTP3RYlQExukUdsBRPx/.SF0a5yean1wV.tD.ffaU3dHPqToxdmi,54
user55@example.com,user55,$2b$12$cfTP3RYlQExukUdsBRPx/.SF0a5yean1wV.tD.ffaU3dHPqToxdmi,55
user56@example.com,user56,$2b$12$cfTP3RYlQExukUdsBRPx/.SF0a5yean1wV.tD.ffaU3dHPqToxdmi,56
user57@example.com,user57,$2b$12$cfTP3RYlQExukUdsBRPx/.SF0a5yean1wV.tD.ffaU3dHPqToxdmi,57
user58@example.com,user58,$2b$12$cfTP3RYlQExukUdsBRPx/.SF0a5yean1wV.tD.ffaU3dHPqToxdmi,58
user59@example.com,user59,$2b$12$cfTP3RYlQExukUdsBRPx/.SF0a5yean1wV.tD.ffaU3dHPqToxdmi,59
user60@example.com,user60,$2b$12$cfTP3RYlQExukUdsBRPx/.SF0a5yean1wV.tD.ffaU3dHPqToxdmi,60
user61@example.com,user61,$2b$12$cfTP3RYlQExukUdsBRPx/.SF0a5yean1wV.tD.ffaU3dHPqToxdmi,61
user62@example.com,user62,$2b$12$cfTP3RYlQExukUdsBRPx/.SF0a5yean1wV.tD.ffaU3dHPqToxdmi,62
user63@example.com,user63,$2b$12$cfTP3RYlQExukUdsBRPx/.SF0a5yean1wV.tD.ffaU3dHPqToxdmi,63
user64@example.com,user64,$2b$12$cfTP3RYlQExukUdsBRPx/.SF0a5yean1wV.tD.ffaU3dHPqToxdmi,64
user65@example.com,user65,$2b$12$cfTP3RYlQExukUdsBRPx/.SF0a5yean1wV.tD.ffaU3dHPqToxdmi,65
user66@example.com,user66,$2b$12$cfTP3RYlQExukUdsBRPx/.SF0a5yean1wV.tD.ffaU3dHPqToxdmi,66
user67@example.com,user67,$2b$12$cfTP3RYlQExukUdsBRPx/.SF0a5yean1wV.tD.ffaU3dHPqToxdmi,67
user68@example.com,user68,$2b$12$cfTP3RYlQExukUdsBRPx/.SF0a5yean1wV.tD.ffaU3dHPqToxdmi,68
user69@example.com,user69,$2b$12$cfTP3RYlQExukUdsBRPx/.SF0a5yean1wV.tD.ffaU3dHPqToxdmi,69
user70@example.com,user70,$2b$12$cfTP3RYlQExukUdsBRPx/.SF0a5yean1wV.tD.ffaU3dHPqToxdmi,70
user71@example.com,user71,$2b$12$cfTP3RYlQExukUdsBRPx/.SF0a5yean1wV.tD.ffaU3dHPqToxdmi,71
user72@example.com,user72,$2b$12$cfTP3RYlQExukUdsBRPx/.SF0a5yean1wV.tD.ffaU3dHPqToxdmi,72
user73@example.com,user73,$2b$12$cfTP3RYlQExukUdsBRPx/.SF0a5yean1wV.tD.ffaU3dHPqToxdmi,73
user74@example.com,user74,$2b$12$cfTP3RYlQExukUdsBRPx/.SF0a5yean1wV.tD.ffaU3dHPqToxdmi,74
user75@example.com,user75,$2b$12$cfTP3RYlQExukUdsBRPx/.SF0a5yean1wV.tD.ffaU3dHPqToxdmi,75
user76@example.com,user76,$2b$12$cfTP3RYlQExukUdsBRPx/.SF0a5yean1wV.tD.ffaU3dHPqToxdmi,76
user77@example.com,user77,$2b$12$cfTP3RYlQExukUdsBRPx/.SF0a5yean1wV.tD.ffaU3dHPqToxdmi,77
user78@example.com,user78,$2b$12$cfTP3RYlQExukUdsBRPx/.SF0a5yean1wV.tD.ffaU3dHPqToxdmi,78
user79@example.com,user79,$2b$12$cfTP3RYlQExukUdsBRPx/.SF0a5yean1wV.tD.ffaU3dHPqToxdmi,79
user80@example.com,user80,$2b$12$cfTP3RYlQExukUdsBRPx/.SF0a5yean1wV.tD.ffaU3dHPqToxdmi,80
user81@example.com,user81,$2b$12$cfTP3RYlQExukUdsBRPx/.SF0a5yean1wV.tD.ffaU3dHPqToxdmi,81
user82@example.com,user82,$2b$12$cfTP3RYlQExukUdsBRPx/.SF0a5yean1wV.tD.ffaU3dHPqToxdmi,82
user83@example.com,user83,$2b$12$cfTP3RYlQExukUdsBRPx/.SF0a5yean1wV.tD.ffaU3dHPqToxdmi,83
user84@example.com,user84,$2b$12$cfTP3RYlQExukUdsBRPx/.SF0a5yean1wV.tD.ffaU3dHPqToxdmi,84
user85@example.com,user85,$2b$12$cfTP3RYlQExukUdsBRPx/.SF0a5yean1wV.tD.ffaU3dHPqToxdmi,85
user86@example.com,user86,$2b$12$cfTP3RYlQExukUdsBRPx/.SF0a5yean1wV.tD.ffaU3dHPqToxdmi,86
user87@example.com,user87,$2b$12$cfTP3RYlQExukUdsBRPx/.SF0a5yean1wV.tD.ffaU3dHPqToxdmi,87
user88@example.com,user88,$2b$12$cfTP3RYlQExukUdsBRPx/.SF0a5yean1wV.tD.ffaU3dHPqToxdmi,88
user89@example.com,user89,$2b$12$cfTP3RYlQExukUdsBRPx/.SF0a5yean1wV.tD.ffaU3dHPqToxdmi,89
user90@example.com,user90,$2b$12$cfTP3RYlQExukUdsBRPx/.SF0a5yean1wV.tD.ffaU3dHPqToxdmi,90
user91@example.com,user91,$2b$12$cfTP3RYlQExukUdsBRPx/.SF0a5yean1wV.tD.ffaU3dHPqToxdmi,91
user92@example.com,user92,$2b$12$cfTP3RYlQExukUdsBRPx/.SF0a5yean1wV.tD.ffaU3dHPqToxdmi,92
user93@example.com,user93,$2b$12$cfTP3RYlQExukUdsBRPx/.SF0a5yean1wV.tD.ffaU3dHPqToxdmi,93
user94@example.com,user94,$2b$12$cfTP3RYlQExukUdsBRPx/.SF0a5yean1wV.tD.ffaU3dHPqToxdmi,94
user95@example.com,user95,$2b$12$cfTP3RYlQExukUdsBRPx/.SF0a5yean1wV.tD.ffaU3dHPqToxdmi,95
user96@example.com,user96,$2b$12$cfTP3RYlQExukUdsBRPx/.SF0a5yean1wV.tD.ffaU3dHPqToxdmi,96
user97@example.com,user97,$2b$12$cfTP3RYlQExukUdsBRPx/.SF0a5yean1wV.tD.ffaU3dHPqToxdmi,97
user98@example.com,user98,$2b$12$cfTP3RYlQExukUdsBRPx/.SF0a5yean1wV.tD.ffaU3dHPqToxdmi,98
user99@example.com,user99,$2b$12$cfTP3RYlQExukUdsBRPx/.SF0a5yean1wV.tD.ffaU3dHPqToxdmi,99
user100@example.com,user100,$2b$12$cfTP3RYlQExukUdsBRPx/.SF0a5yean1wV.tD.ffaU3dHPqToxdmi,100
user101@example.com,user101,$2b$12$cfTP3RYlQExukUdsBRPx/.SF0a5yean1wV.tD.ffaU3dHPqToxdmi,101
user102@example.com,user102,$2b$12$cfTP3RYlQExukUdsBRPx/.SF0a5yean1wV.tD.ffaU3dHPqToxdmi,102
user103@example.com,user103,$2b$12$cfTP3RYlQExukUdsBRPx/.SF0a5yean1wV.tD.ffaU3dHPqToxdmi,103
user104@example.com,user104,$2b$12$cfTP3RYlQExukUdsBRPx/.SF0a5yean1wV.tD.ffaU3dHPqToxdmi,104
user105@example.com,user105,$2b$12$cfTP3RYlQExukUdsBRPx/.SF0a5yean1wV.tD.ffaU3dHPqToxdmi,105
user106@example.com,user106,$2b$12$cfTP3RYlQExukUdsBRPx/.SF0a5yean1wV.tD.ffaU3dHPqToxdmi,106
user107@example.com,user107,$2b$12$cfTP3RYlQExukUdsBRPx/.SF0a5yean1wV.tD.ffaU3dHPqToxdmi,107
user108@example.com,user108,$2b$12$cfTP3RYlQExukUdsBRPx/.SF0a5yean1wV.tD.ffaU3dHPqToxdmi,108
user109@example.com,user109,$2b$12$cfTP3RYlQExukUdsBRPx/.SF0a5yean1wV.tD.ffaU3dHPqToxdmi,109
user110@example.com,user110,$2b$12$cfTP3RYlQExukUdsBRPx/.SF0a5yean1wV.tD.ffaU3dHPqToxdmi,110
user111@example.com,user111,$2b$12$cfTP3RYlQExukUdsBRPx/.SF0a5yean1wV.tD.ffaU3dHPqToxdmi,111
user112@example.com,user112,$2b$12$cfTP3RYlQExukUdsBRPx/.SF0a5yean1wV.tD.ffaU3dHPqToxdmi,112
user113@example.com,user113,$2b$12$cfTP3RYlQExukUdsBRPx/.SF0a5yean1wV.tD.ffaU3dHPqToxdmi,113
user114@example.com,user114,$2b$12$cfTP3RYlQExukUdsBRPx/.SF0a5yean1wV.tD.ffaU3dHPqToxdmi,114
user115@example.com,user115,$2b$12$cfTP3RYlQExukUdsBRPx/.SF0a5yean1wV.tD.ffaU3dHPqToxdmi,115
user116@example.com,user116,$2b$12$cfTP3RYlQExukUdsBRPx/.SF0a5yean1wV.tD.ffaU3dHPqToxdmi,116
user117@example.com,user117,$2b$12$cfTP3RYlQExukUdsBRPx/.SF0a5yean1wV.tD.ffaU3dHPqToxdmi,117
user118@example.com,user118,$2b$12$cfTP3RYlQExukUdsBRPx/.SF0a5yean1wV.tD.ffaU3dHPqToxdmi,118
user119@example.com,user119,$2b$12$cfTP3RYlQExukUdsBRPx/.SF0a5yean1wV.tD.ffaU3dHPqToxdmi,119
user120@example.com,user120,$2b$12$cfTP3RYlQExukUdsBRPx/.SF0a5yean1wV.tD.ffaU3dHPqToxdmi,120
user121@example.com,user121,$2b$12$cfTP3RYlQExukUdsBRPx/.SF0a5yean1wV.tD.ffaU3dHPqToxdmi,121
user122@example.com,user122,$2b$12$cfTP3RYlQExukUdsBRPx/.SF0a5yean1wV.tD.ffaU3dHPqToxdmi,122
user123@example.com,user123,$2b$12$cfTP3RYlQExukUdsBRPx/.SF0a5yean1wV.tD.ffaU3dHPqToxdmi,123
user124@example.com,user124,$2b$12$cfTP3RYlQExukUdsBRPx/.SF0a5yean1wV.tD.ffaU3dHPqToxdmi,124
user125@example.com,user125,$2b$12$cfTP3RYlQExukUdsBRPx/.SF0a5yean1wV.tD.ffaU3dHPqToxdmi,125
user126@example.com,user126,$2b$12$cfTP3RYlQExukUdsBRPx/.SF0a5yean1wV.tD.ffaU3dHPqToxdmi,126
user127@example.com,user127,$2b$12$cfTP3RYlQExukUdsBRPx/.SF0a5yean1wV.tD.ffaU3dHPqToxdmi,127
user128@example.com,user128,$2b$12$cfTP3RYlQExukUdsBRPx/.SF0a5yean1wV.tD.ffaU3dHPqToxdmi,128
user129@example.com,user129,$2b$12$cfTP3RYlQExukUdsBRPx/.SF0a5yean1wV.tD.ffaU3dHPqToxdmi,129
user130@example.com,user130,$2b$12$cfTP3RYlQExukUdsBRPx/.SF0a5yean1wV.tD.ffaU3dHPqToxdmi,130
user131@example.com,user131,$2b$12$cfTP3RYlQExukUdsBRPx/.SF0a5yean1wV.tD.ffaU3dHPqToxdmi,131
user132@example.com,user132,$2b$12$cfTP3RYlQExukUdsBRPx/.SF0a5yean1wV.tD.ffaU3dHPqToxdmi,132
user133@example.com,user133,$2b$12$cfTP3RYlQExukUdsBRPx/.SF0a5yean1wV.tD.ffaU3dHPqToxdmi,133
user134@example.com,user134,$2b$12$cfTP3RYlQExukUdsBRPx/.SF0a5yean1wV.tD.ffaU3dHPqToxdmi,134
user135@example.com,user135,$2b$12$cfTP3RYlQExukUdsBRPx/.SF0a5yean1wV.tD.ffaU3dHPqToxdmi,135
user136@example.com,user136,$2b$12$cfTP3RYlQExukUdsBRPx/.SF0a5yean1wV.tD.ffaU3dHPqToxdmi,136
user137@example.com,user137,$2b$12$cfTP3RYlQExukUdsBRPx/.SF0a5yean1wV.tD.ffaU3dHPqToxdmi,137
user138@example.com,user138,$2b$12$cfTP3RYlQExukUdsBRPx/.SF0a5yean1wV.tD.ffaU3dHPqToxdmi,138
user139@example.com,user139,$2b$12$cfTP3RYlQExukUdsBRPx/.SF0a5yean1wV.tD.ffaU3dHPqToxdmi,139
user140@example.com,user140,$2b$12$cfTP3RYlQExukUdsBRPx/.SF0a5yean1wV.tD.ffaU3dHPqToxdmi,140
user141@example.com,user141,$2b$12$cfTP3RYlQExukUdsBRPx/.SF0a5yean1wV.tD.ffaU3dHPqToxdmi,141
user142@example.com,user142,$2b$12$cfTP3RYlQExukUdsBRPx/.SF0a5yean1wV.tD.ffaU3dHPqToxdmi,142
user143@example.com,user143,$2b$12$cfTP3RYlQExukUdsBRPx/.SF0a5yean1wV.tD.ffaU3dHPqToxdmi,143
user144@example.com,user144,$2b$12$cfTP3RYlQExukUdsBRPx/.SF0a5yean1wV.tD.ffaU3dHPqToxdmi,144
user145@example.com,user145,$2b$12$cfTP3RYlQExukUdsBRPx/.SF0a5yean1wV.tD.ffaU3dHPqToxdmi,145
user146@example.com,user146,$2b$12$cfTP3RYlQExukUdsBRPx/.SF0a5yean1wV.tD.ffaU3dHPqToxdmi,146
user147@example.com,user147,$2b$12$cfTP3RYlQExukUdsBRPx/.SF0a5yean1wV.tD.ffaU3dHPqToxdmi,147
user148@example.com,user148,$2b$12$cfTP3RYlQExukUdsBRPx/.SF0a5yean1wV.tD.ffaU3dHPqToxdmi,148
user149@example.com,user149,$2b$12$cfTP3RYlQExukUdsBRPx/.SF0a5yean1wV.tD.ffaU3dHPqToxdmi,149
user150@example.com,user150,$2b$12$cfTP3RYlQExukUdsBRPx/.SF0a5yean1wV.tD.ffaU3dHPqToxdmi,150
user151@example.com,user151,$2b$12$cfTP3RYlQExukUdsBRPx/.SF0a5yean1wV.tD.ffaU3dHPqToxdmi,151
user152@example.com,user152,$2b$12$cfTP3RYlQExukUdsBRPx/.SF0a5yean1wV.tD.ffaU3dHPqToxdmi,152
user153@example.com,user153,$2b$12$cfTP3RYlQExukUdsBRPx/.SF0a5yean1wV.tD.ffaU3dHPqToxdmi,153
user154@example.com,user154,$2b$12$cfTP3RYlQExukUdsBRPx/.SF0a5yean1wV.tD.ffaU3dHPqToxdmi,154
user155@example.com,user155,$2b$12$cfTP3RYlQExukUdsBRPx/.SF0a5yean1wV.tD.ffaU3dHPqToxdmi,155
user156@example.com,user156,$2b$12$cfTP3RYlQExukUdsBRPx/.SF0a5yean1wV.tD.ffaU3dHPqToxdmi,156
user157@example.com,user157,$2b$12$cfTP3RYlQExukUdsBRPx/.SF0a5yean1wV.tD.ffaU3dHPqToxdmi,157
user158@example.com,user158,$2b$12$cfTP3RYlQExukUdsBRPx/.SF0a5yean1wV.tD.ffaU3dHPqToxdmi,158
user159@example.com,user159,$2b$12$cfTP3RYlQExukUdsBRPx/.SF0a5yean1wV.tD.ffaU3dHPqToxdmi,159
user160@example.com,user160,$2b$12$cfTP3RYlQExukUdsBRPx/.SF0a5yean1wV.tD.ffaU3dHPqToxdmi,160
user161@example.com,user161,$2b$12$cfTP3RYlQExukUdsBRPx/.SF0a5yean1wV.tD.ffaU3dHPqToxdmi,161
user162@example.com,user162,$2b$12$cfTP3RYlQExukUdsBRPx/.SF0a5yean1wV.tD.ffaU3dHPqToxdmi,162
user163@example.com,user163,$2b$12$cfTP3RYlQExukUdsBRPx/.SF0a5yean1wV.tD.ffaU3dHPqToxdmi,163
user164@example.com,user164,$2b$12$cfTP3RYlQExukUdsBRPx/.SF0a5yean1wV.tD.ffaU3dHPqToxdmi,164
user165@example.com,user165,$2b$12$cfTP3RYlQExukUdsBRPx/.SF0a5yean1wV.tD.ffaU3dHPqToxdmi,165
user166@example.com,user166,$2b$12$cfTP3RYlQExukUdsBRPx/.SF0a5yean1wV.tD.ffaU3dHPqToxdmi,166
user167@example.com,user167,$2b$12$cfTP3RYlQExukUdsBRPx/.SF0a5yean1wV.tD.ffaU3dHPqToxdmi,167
user168@example.com,user168,$2b$12$cfTP3RYlQExukUdsBRPx/.SF0a5yean1wV.tD.ffaU3dHPqToxdmi,168
user169@example.com,user169,$2b$12$cfTP3RYlQExukUdsBRPx/.SF0a5yean1wV.tD.ffaU3dHPqToxdmi,169
user170@example.com,user170,$2b$12$cfTP3RYlQExukUdsBRPx/.SF0a5yean1wV.tD.ffaU3dHPqToxdmi,170
user171@example.com,user171,$2b$12$cfTP3RYlQExukUdsBRPx/.SF0a5yean1wV.tD.ffaU3dHPqToxdmi,171
user172@example.com,user172,$2b$12$cfTP3RYlQExukUdsBRPx/.SF0a5yean1wV.tD.ffaU3dHPqToxdmi,172
user173@example.com,user173,$2b$12$cfTP3RYlQExukUdsBRPx/.SF0a5yean1wV.tD.ffaU3dHPqToxdmi,173
user174@example.com,user174,$2b$12$cfTP3RYlQExukUdsBRPx/.SF0a5yean1wV.tD.ffaU3dHPqToxdmi,174
user175@example.com,user175,$2b$12$cfTP3RYlQExukUdsBRPx/.SF0a5yean1wV.tD.ffaU3dHPqToxdmi,175
user176@example.com,user176,$2b$12$cfTP3RYlQExukUdsBRPx/.SF0a5yean1wV.tD.ffaU3dHPqToxdmi,176
user177@example.com,user177,$2b$12$cfTP3RYlQExukUdsBRPx/.SF0a5yean1wV.tD.ffaU3dHPqToxdmi,177
user178@example.com,user178,$2b$12$cfTP3RYlQExukUdsBRPx/.SF0a5yean1wV.tD.ffaU3dHPqToxdmi,178
user179@example.com,user179,$2b$12$cfTP3RYlQExukUdsBRPx/.SF0a5yean1wV.tD.ffaU3dHPqToxdmi,179
user180@example.com,user180,$2b$12$cfTP3RYlQExukUdsBRPx/.SF0a5yean1wV.tD.ffaU3dHPqToxdmi,180
user181@example.com,user181,$2b$12$cfTP3RYlQExukUdsBRPx/.SF0a5yean1wV.tD.ffaU3dHPqToxdmi,181
user182@example.com,user182,$2b$12$cfTP3RYlQExukUdsBRPx/.SF0a5yean1wV.tD.ffaU3dHPqToxdmi,182
user183@example.com,user183,$2b$12$cfTP3RYlQExukUdsBRPx/.SF0a5yean1wV.tD.ffaU3dHPqToxdmi,183
user184@example.com,user184,$2b$12$cfTP3RYlQExukUdsBRPx/.SF0a5yean1wV.tD.ffaU3dHPqToxdmi,184
user185@example.com,user185,$2b$12$cfTP3RYlQExukUdsBRPx/.SF0a5yean1wV.tD.ffaU3dHPqToxdmi,185
user186@example.com,user186,$2b$12$cfTP3RYlQExukUdsBRPx/.SF0a5yean1wV.tD.ffaU3dHPqToxdmi,186
user187@example.com,user187,$2b$12$cfTP3RYlQExukUdsBRPx/.SF0a5yean1wV.tD.ffaU3dHPqToxdmi,187
user188@example.com,user188,$2b$12$cfTP3RYlQExukUdsBRPx/.SF0a5yean1wV.tD.ffaU3dHPqToxdmi,188
user189@example.com,user189,$2b$12$cfTP3RYlQExukUdsBRPx/.SF0a5yean1wV.tD.ffaU3dHPqToxdmi,189
user190@example.com,user190,$2b$12$cfTP3RYlQExukUdsBRPx/.SF0a5yean1wV.tD.ffaU3dHPqToxdmi,190
user191@example.com,user191,$2b$12$cfTP3RYlQExukUdsBRPx/.SF0a5yean1wV.tD.ffaU3dHPqToxdmi,191
user192@example.com,user192,$2b$12$cfTP3RYlQExukUdsBRPx/.SF0a5yean1wV.tD.ffaU3dHPqToxdmi,192
user193@example.com,user193,$2b$12$cfTP3RYlQExukUdsBRPx/.SF0a5yean1wV.tD.ffaU3dHPqToxdmi,193
user194@example.com,user194,$2b$12$cfTP3RYlQExukUdsBRPx/.SF0a5yean1wV.tD.ffaU3dHPqToxdmi,194
user195@example.com,user195,$2b$12$cfTP3RYlQExukUdsBRPx/.SF0a5yean1wV.tD.ffaU3dHPqToxdmi,195
user196@example.com,user196,$2b$12$cfTP3RYlQExukUdsBRPx/.SF0a5yean1wV.tD.ffaU3dHPqToxdmi,196
user197@example.com,user197,$2b$12$cfTP3RYlQExukUdsBRPx/.SF0a5yean1wV.tD.ffaU3dHPqToxdmi,197
user198@example.com,user198,$2b$12$cfTP3RYlQExukUdsBRPx/.SF0a5yean1wV.tD.ffaU3dHPqToxdmi,198
user199@example.com,user199,$2b$12$cfTP3RYlQExukUdsBRPx/.SF0a5yean1wV.tD.ffaU3dHPqToxdmi,199
user200@example.com,user200,$2b$12$cfTP3RYlQExukUdsBRPx/.SF0a5yean1wV.tD.ffaU3dHPqToxdmi,200
user201@example.com,user201,$2b$12$cfTP3RYlQExukUdsBRPx/.SF0a5yean1wV.tD.ffaU3dHPqToxdmi,201
user202@example.com,user202,$2b$12$cfTP3RYlQExukUdsBRPx/.SF0a5yean1wV.tD.ffaU3dHPqToxdmi,202
user203@example.com,user203,$2b$12$cfTP3RYlQExukUdsBRPx/.SF0a5yean1wV.tD.ffaU3dHPqToxdmi,203
user204@example.com,user204,$2b$12$cfTP3RYlQExukUdsBRPx/.SF0a5yean1wV.tD.ffaU3dHPqToxdmi,204
user205@example.com,user205,$2b$12$cfTP3RYlQExukUdsBRPx/.SF0a5yean1wV.tD.ffaU3dHPqToxdmi,205
user206@example.com,user206,$2b$12$cfTP3RYlQExukUdsBRPx/.SF0a5yean1wV.tD.ffaU3dHPqToxdmi,206
user207@example.com,user207,$2b$12$cfTP3RYlQExukUdsBRPx/.SF0a5yean1wV.tD.ffaU3dHPqToxdmi,207
user208@example.com,user208,$2b$12$cfTP3RYlQExukUdsBRPx/.SF0a5yean1wV.tD.ffaU3dHPqToxdmi,208
user209@example.com,user209,$2b$12$cfTP3RYlQExukUdsBRPx/.SF0a5yean1wV.tD.ffaU3dHPqToxdmi,209
user210@example.com,user210,$2b$12$cfTP3RYlQExukUdsBRPx/.SF0a5yean1wV.tD.ffaU3dHPqToxdmi,210
user211@example.com,user211,$2b$12$cfTP3RYlQExukUdsBRPx/.SF0a5yean1wV.tD.ffaU3dHPqToxdmi,211
user212@example.com,user212,$2b$12$cfTP3RYlQExukUdsBRPx/.SF0a5yean1wV.tD.ffaU3dHPqToxdmi,212
user213@example.com,user213,$2b$12$cfTP3RYlQExukUdsBRPx/.SF0a5yean1wV.tD.ffaU3dHPqToxdmi,213
user214@example.com,user214,$2b$12$cfTP3RYlQExukUdsBRPx/.SF0a5yean1wV.tD.ffaU3dHPqToxdmi,214
user215@example.com,user215,$2b$12$cfTP3RYlQExukUdsBRPx/.SF0a5yean1wV.tD.ffaU3dHPqToxdmi,215
user216@example.com,user216,$2b$12$cfTP3RYlQExukUdsBRPx/.SF0a5yean1wV.tD.ffaU3dHPqToxdmi,216
user217@example.com,user217,$2b$12$cfTP3RYlQExukUdsBRPx/.SF0a5yean1wV.tD.ffaU3dHPqToxdmi,217
user218@example.com,user218,$2b$12$cfTP3RYlQExukUdsBRPx/.SF0a5yean1wV.tD.ffaU3dHPqToxdmi,218
user219@example.com,user219,$2b$12$cfTP3RYlQExukUdsBRPx/.SF0a5yean1wV.tD.ffaU3dHPqToxdmi,219
user220@example.com,user220,$2b$12$cfTP3RYlQExukUdsBRPx/.SF0a5yean1wV.tD.ffaU3dHPqToxdmi,220
user221@example.com,user221,$2b$12$cfTP3RYlQExukUdsBRPx/.SF0a5yean1wV.tD.ffaU3dHPqToxdmi,221
user222@example.com,user222,$2b$12$cfTP3RYlQExukUdsBRPx/.SF0a5yean1wV.tD.ffaU3dHPqToxdmi,222
user223@example.com,user223,$2b$12$cfTP3RYlQExukUdsBRPx/.SF0a5yean1wV.tD.ffaU3dHPqToxdmi,223
user224@example.com,user224,$2b$12$cfTP3RYlQExukUdsBRPx/.SF0a5yean1wV.tD.ffaU3dHPqToxdmi,224
user225@example.com,user225,$2b$12$cfTP3RYlQExukUdsBRPx/.SF0a5yean1wV.tD.ffaU3dHPqToxdmi,225
user226@example.com,user226,$2b$12$cfTP3RYlQExukUdsBRPx/.SF0a5yean1wV.tD.ffaU3dHPqToxdmi,226
user227@example.com,user227,$2b$12$cfTP3RYlQExukUdsBRPx/.SF0a5yean1wV.tD.ffaU3dHPqToxdmi,227
user228@example.com,user228,$2b$12$cfTP3RYlQExukUdsBRPx/.SF0a5yean1wV.tD.ffaU3dHPqToxdmi,228
user229@example.com,user229,$2b$12$cfTP3RYlQExukUdsBRPx/.SF0a5yean1wV.tD.ffaU3dHPqToxdmi,229
user230@example.com,user230,$2b$12$cfTP3RYlQExukUdsBRPx/.SF0a5yean1wV.tD.ffaU3dHPqToxdmi,230
user231@example.com,user231,$2b$12$cfTP3RYlQExukUdsBRPx/.SF0a5yean1wV.tD.ffaU3dHPqToxdmi,231
user232@example.com,user232,$2b$12$cfTP3RYlQExukUdsBRPx/.SF0a5yean1wV.tD.ffaU3dHPqToxdmi,232
user233@example.com,user233,$2b$12$cfTP3RYlQExukUdsBRPx/.SF0a5yean1wV.tD.ffaU3dHPqToxdmi,233
user234@example.com,user234,$2b$12$cfTP3RYlQExukUdsBRPx/.SF0a5yean1wV.tD.ffaU3dHPqToxdmi,234
user235@example.com,user235,$2b$12$cfTP3RYlQExukUdsBRPx/.SF0a5yean1wV.tD.ffaU3dHPqToxdmi,235
user236@example.com,user236,$2b$12$cfTP3RYlQExukUdsBRPx/.SF0a5yean1wV.tD.ffaU3dHPqToxdmi,236
user237@example.com,user237,$2b$12$cfTP3RYlQExukUdsBRPx/.SF0a5yean1wV.tD.ffaU3dHPqToxdmi,237
user238@example.com,user238,$2b$12$cfTP3RYlQExukUdsBRPx/.SF0a5yean1wV.tD.ffaU3dHPqToxdmi,238
user239@example.com,user239,$2b$12$cfTP3RYlQExukUdsBRPx/.SF0a5yean1wV.tD.ffaU3dHPqToxdmi,239
user240@example.com,user240,$2b$12$cfTP3RYlQExukUdsBRPx/.SF0a5yean1wV.tD.ffaU3dHPqToxdmi,240
user241@example.com,user241,$2b$12$cfTP3RYlQExukUdsBRPx/.SF0a5yean1wV.tD.ffaU3dHPqToxdmi,241
user242@example.com,user242,$2b$12$cfTP3RYlQExukUdsBRPx/.SF0a5yean1wV.tD.ffaU3dHPqToxdmi,242
user243@example.com,user243,$2b$12$cfTP3RYlQExukUdsBRPx/.SF0a5yean1wV.tD.ffaU3dHPqToxdmi,243
user244@example.com,user244,$2b$12$cfTP3RYlQExukUdsBRPx/.SF0a5yean1wV.tD.ffaU3dHPqToxdmi,244
user245@example.com,user245,$2b$12$cfTP3RYlQExukUdsBRPx/.SF0a5yean1wV.tD.ffaU3dHPqToxdmi,245
user246@example.com,user246,$2b$12$cfTP3RYlQExukUdsBRPx/.SF0a5yean1wV.tD.ffaU3dHPqToxdmi,246
user247@example.com,user247,$2b$12$cfTP3RYlQExukUdsBRPx/.SF0a5yean1wV.tD.ffaU3dHPqToxdmi,247
user248@example.com,user248,$2b$12$cfTP3RYlQExukUdsBRPx/.SF0a5yean1wV.tD.ffaU3dHPqToxdmi,248
user249@example.com,user249,$2b$12$cfTP3RYlQExukUdsBRPx/.SF0a5yean1wV.tD.ffaU3dHPqToxdmi,249
user250@example.com,user250,$2b$12$cfTP3RYlQExukUdsBRPx/.SF0a5yean1wV.tD.ffaU3dHPqToxdmi,250
user251@example.com,user251,$2b$12$cfTP3RYlQExukUdsBRPx/.SF0a5yean1wV.tD.ffaU3dHPqToxdmi,251
user252@example.com,user252,$2b$12$cfTP3RYlQExukUdsBRPx/.SF0a5yean1wV.tD.ffaU3dHPqToxdmi,252
user253@example.com,user253,$2b$12$cfTP3RYlQExukUdsBRPx/.SF0a5yean1wV.tD.ffaU3dHPqToxdmi,253
user254@example.com,user254,$2b$12$cfTP3RYlQExukUdsBRPx/.SF0a5yean1wV.tD.ffaU3dHPqToxdmi,254
user255@example.com,user255,$2b$12$cfTP3RYlQExukUdsBRPx/.SF0a5yean1wV.tD.ffaU3dHPqToxdmi,255
user256@example.com,user256,$2b$12$cfTP3RYlQExukUdsBRPx/.SF0a5yean1wV.tD.ffaU3dHPqToxdmi,256
user257@example.com,user257,$2b$12$cfTP3RYlQExukUdsBRPx/.SF0a5yean1wV.tD.ffaU3dHPqToxdmi,257
user258@example.com,user258,$2b$12$cfTP3RYlQExukUdsBRPx/.SF0a5yean1wV.tD.ffaU3dHPqToxdmi,258
user259@example.com,user259,$2b$12$cfTP3RYlQExukUdsBRPx/.SF0a5yean1wV.tD.ffaU3dHPqToxdmi,259
user260@example.com,user260,$2b$12$cfTP3RYlQExukUdsBRPx/.SF0a5yean1wV.tD.ffaU3dHPqToxdmi,260
user261@example.com,user261,$2b$12$cfTP3RYlQExukUdsBRPx/.SF0a5yean1wV.tD.ffaU3dHPqToxdmi,261
user262@example.com,user262,$2b$12$cfTP3RYlQExukUdsBRPx/.SF0a5yean1wV.tD.ffaU3dHPqToxdmi,262
user263@example.com,user263,$2b$12$cfTP3RYlQExukUdsBRPx/.SF0a5yean1wV.tD.ffaU3dHPqToxdmi,263
user264@example.com,user264,$2b$12$cfTP3RYlQExukUdsBRPx/.SF0a5yean1wV.tD.ffaU3dHPqToxdmi,264
user265@example.com,user265,$2b$12$cfTP3RYlQExukUdsBRPx/.SF0a5yean1wV.tD.ffaU3dHPqToxdmi,265
user266@example.com,user266,$2b$12$cfTP3RYlQExukUdsBRPx/.SF0a5yean1wV.tD.ffaU3dHPqToxdmi,266
user267@example.com,user267,$2b$12$cfTP3RYlQExukUdsBRPx/.SF0a5yean1wV.tD.ffaU3dHPqToxdmi,267
user268@example.com,user268,$2b$12$cfTP3RYlQExukUdsBRPx/.SF0a5yean1wV.tD.ffaU3dHPqToxdmi,268
user269@example.com,user269,$2b$12$cfTP3RYlQExukUdsBRPx/.SF0a5yean1wV.tD.ffaU3dHPqToxdmi,269
user270@example.com,user270,$2b$12$cfTP3RYlQExukUdsBRPx/.SF0a5yean1wV.tD.ffaU3dHPqToxdmi,270
user271@example.com,user271,$2b$12$cfTP3RYlQExukUdsBRPx/.SF0a5yean1wV.tD.ffaU3dHPqToxdmi,271
user272@example.com,user272,$2b$12$cfTP3RYlQExukUdsBRPx/.SF0a5yean1wV.tD.ffaU3dHPqToxdmi,272
user273@example.com,user273,$2b$12$cfTP3RYlQExukUdsBRPx/.SF0a5yean1wV.tD.ffaU3dHPqToxdmi,273
user274@example.com,user274,$2b$12$cfTP3RYlQExukUdsBRPx/.SF0a5yean1wV.tD.ffaU3dHPqToxdmi,274
user275@example.com,user275,$2b$12$cfTP3RYlQExukUdsBRPx/.SF0a5yean1wV.tD.ffaU3dHPqToxdmi,275
user276@example.com,user276,$2b$12$cfTP3RYlQExukUdsBRPx/.SF0a5yean1wV.tD.ffaU3dHPqToxdmi,276
user277@example.com,user277,$2b$12$cfTP3RYlQExukUdsBRPx/.SF0a5yean1wV.tD.ffaU3dHPqToxdmi,277
user278@example.com,user278,$2b$12$cfTP3RYlQExukUdsBRPx/.SF0a5yean1wV.tD.ffaU3dHPqToxdmi,278
user279@example.com,user279,$2b$12$cfTP3RYlQExukUdsBRPx/.SF0a5yean1wV.tD.ffaU3dHPqToxdmi,279
user280@example.com,user280,$2b$12$cfTP3RYlQExukUdsBRPx/.SF0a5yean1wV.tD.ffaU3dHPqToxdmi,280
user281@example.com,user281,$2b$12$cfTP3RYlQExukUdsBRPx/.SF0a5yean1wV.tD.ffaU3dHPqToxdmi,281
user282@example.com,user282,$2b$12$cfTP3RYlQExukUdsBRPx/.SF0a5yean1wV.tD.ffaU3dHPqToxdmi,282
user283@example.com,user283,$2b$12$cfTP3RYlQExukUdsBRPx/.SF0a5yean1wV.tD.ffaU3dHPqToxdmi,283
user284@example.com,user284,$2b$12$cfTP3RYlQExukUdsBRPx/.SF0a5yean1wV.tD.ffaU3dHPqToxdmi,284
user285@example.com,user285,$2b$12$cfTP3RYlQExukUdsBRPx/.SF0a5yean1wV.tD.ffaU3dHPqToxdmi,285
user286@example.com,user286,$2b$12$cfTP3RYlQExukUdsBRPx/.SF0a5yean1wV.tD.ffaU3dHPqToxdmi,286
user287@example.com,user287,$2b$12$cfTP3RYlQExukUdsBRPx/.SF0a5yean1wV.tD.ffaU3dHPqToxdmi,287
user288@example.com,user288,$2b$12$cfTP3RYlQExukUdsBRPx/.SF0a5yean1wV.tD.ffaU3dHPqToxdmi,288
user289@example.com,user289,$2b$12$cfTP3RYlQExukUdsBRPx/.SF0a5yean1wV.tD.ffaU3dHPqToxdmi,289
user290@example.com,user290,$2b$12$cfTP3RYlQExukUdsBRPx/.SF0a5yean1wV.tD.ffaU3dHPqToxdmi,290
user291@example.com,user291,$2b$12$cfTP3RYlQExukUdsBRPx/.SF0a5yean1wV.tD.ffaU3dHPqToxdmi,291
user292@example.com,user292,$2b$12$cfTP3RYlQExukUdsBRPx/.SF0a5yean1wV.tD.ffaU3dHPqToxdmi,292
user293@example.com,user293,$2b$12$cfTP3RYlQExukUdsBRPx/.SF0a5yean1wV.tD.ffaU3dHPqToxdmi,293
user294@example.com,user294,$2b$12$cfTP3RYlQExukUdsBRPx/.SF0a5yean1wV.tD.ffaU3dHPqToxdmi,294
user295@example.com,user295,$2b$12$cfTP3RYlQExukUdsBRPx/.SF0a5yean1wV.tD.ffaU3dHPqToxdmi,295
user296@example.com,user296,$2b$12$cfTP3RYlQExukUdsBRPx/.SF0a5yean1wV.tD.ffaU3dHPqToxdmi,296
user297@example.com,user297,$2b$12$cfTP3RYlQExukUdsBRPx/.SF0a5yean1wV.tD.ffaU3dHPqToxdmi,297
user298@example.com,user298,$2b$12$cfTP3RYlQExukUdsBRPx/.SF0a5yean1wV.tD.ffaU3dHPqToxdmi,298
user299@example.com,user299,$2b$12$cfTP3RYlQExukUdsBRPx/.SF0a5yean1wV.tD.ffaU3dHPqToxdmi,299
user300@example.com,user300,$2b$12$cfTP3RYlQExukUdsBRPx/.SF0a5yean1wV.tD.ffaU3dHPqToxdmi,300
user301@example.com,user301,$2b$12$cfTP3RYlQExukUdsBRPx/.SF0a5yean1wV.tD.ffaU3dHPqToxdmi,301
user302@example.com,user302,$2b$12$cfTP3RYlQExukUdsBRPx/.SF0a5yean1wV.tD.ffaU3dHPqToxdmi,302
user303@example.com,user303,$2b$12$cfTP3RYlQExukUdsBRPx/.SF0a5yean1wV.tD.ffaU3dHPqToxdmi,303
user304@example.com,user304,$2b$12$cfTP3RYlQExukUdsBRPx/.SF0a5yean1wV.tD.ffaU3dHPqToxdmi,304
user305@example.com,user305,$2b$12$cfTP3RYlQExukUdsBRPx/.SF0a5yean1wV.tD.ffaU3dHPqToxdmi,305
user306@example.com,user306,$2b$12$cfTP3RYlQExukUdsBRPx/.SF0a5yean1wV.tD.ffaU3dHPqToxdmi,306
user307@example.com,user307,$2b$12$cfTP3RYlQExukUdsBRPx/.SF0a5yean1wV.tD.ffaU3dHPqToxdmi,307
user308@example.com,user308,$2b$12$cfTP3RYlQExukUdsBRPx/.SF0a5yean1wV.tD.ffaU3dHPqToxdmi,308
user309@example.com,user309,$2b$12$cfTP3RYlQExukUdsBRPx/.SF0a5yean1wV.tD.ffaU3dHPqToxdmi,309
user310@example.com,user310,$2b$12$cfTP3RYlQExukUdsBRPx/.SF0a5yean1wV.tD.ffaU3dHPqToxdmi,310
user311@example.com,user311,$2b$12$cfTP3RYlQExukUdsBRPx/.SF0a5yean1wV.tD.ffaU3dHPqToxdmi,311
user312@example.com,user312,$2b$12$cfTP3RYlQExukUdsBRPx/.SF0a5yean1wV.tD.ffaU3dHPqToxdmi,312
user313@example.com,user313,$2b$12$cfTP3RYlQExukUdsBRPx/.SF0a5yean1wV.tD.ffaU3dHPqToxdmi,313
user314@example.com,user314,$2b$12$cfTP3RYlQExukUdsBRPx/.SF0a5yean1wV.tD.ffaU3dHPqToxdmi,314
user315@example.com,user315,$2b$12$cfTP3RYlQExukUdsBRPx/.SF0a5yean1wV.tD.ffaU3dHPqToxdmi,315
user316@example.com,user316,$2b$12$cfTP3RYlQExukUdsBRPx/.SF0a5yean1wV.tD.ffaU3dHPqToxdmi,316
user317@example.com,user317,$2b$12$cfTP3RYlQExukUdsBRPx/.SF0a5yean1wV.tD.ffaU3dHPqToxdmi,317
user318@example.com,user318,$2b$12$cfTP3RYlQExukUdsBRPx/.SF0a5yean1wV.tD.ffaU3dHPqToxdmi,318
user319@example.com,user319,$2b$12$cfTP3RYlQExukUdsBRPx/.SF0a5yean1wV.tD.ffaU3dHPqToxdmi,319
user320@example.com,user320,$2b$12$cfTP3RYlQExukUdsBRPx/.SF0a5yean1wV.tD.ffaU3dHPqToxdmi,320
user321@example.com,user321,$2b$12$cfTP3RYlQExukUdsBRPx/.SF0a5yean1wV.tD.ffaU3dHPqToxdmi,321
user322@example.com,user322,$2b$12$cfTP3RYlQExukUdsBRPx/.SF0a5yean1wV.tD.ffaU3dHPqToxdmi,322
user323@example.com,user323,$2b$12$cfTP3RYlQExukUdsBRPx/.SF0a5yean1wV.tD.ffaU3dHPqToxdmi,323
user324@example.com,user324,$2b$12$cfTP3RYlQExukUdsBRPx/.SF0a5yean1wV.tD.ffaU3dHPqToxdmi,324
user325@example.com,user325,$2b$12$cfTP3RYlQExukUdsBRPx/.SF0a5yean1wV.tD.ffaU3dHPqToxdmi,325
user326@example.com,user326,$2b$12$cfTP3RYlQExukUdsBRPx/.SF0a5yean1wV.tD.ffaU3dHPqToxdmi,326
user327@example.com,user327,$2b$12$cfTP3RYlQExukUdsBRPx/.SF0a5yean1wV.tD.ffaU3dHPqToxdmi,327
user328@example.com,user328,$2b$12$cfTP3RYlQExukUdsBRPx/.SF0a5yean1wV.tD.ffaU3dHPqToxdmi,328
user329@example.com,user329,$2b$12$cfTP3RYlQExukUdsBRPx/.SF0a5yean1wV.tD.ffaU3dHPqToxdmi,329
user330@example.com,user330,$2b$12$cfTP3RYlQExukUdsBRPx/.SF0a5yean1wV.tD.ffaU3dHPqToxdmi,330
user331@example.com,user331,$2b$12$cfTP3RYlQExukUdsBRPx/.SF0a5yean1wV.tD.ffaU3dHPqToxdmi,331
user332@example.com,user332,$2b$12$cfTP3RYlQExukUdsBRPx/.SF0a5yean1wV.tD.ffaU3dHPqToxdmi,332
user333@example.com,user333,$2b$12$cfTP3RYlQExukUdsBRPx/.SF0a5yean1wV.tD.ffaU3dHPqToxdmi,333
user334@example.com,user334,$2b$12$cfTP3RYlQExukUdsBRPx/.SF0a5yean1wV.tD.ffaU3dHPqToxdmi,334
user335@example.com,user335,$2b$12$cfTP3RYlQExukUdsBRPx/.SF0a5yean1wV.tD.ffaU3dHPqToxdmi,335
user336@example.com,user336,$2b$12$cfTP3RYlQExukUdsBRPx/.SF0a5yean1wV.tD.ffaU3dHPqToxdmi,336
user337@example.com,user337,$2b$12$cfTP3RYlQExukUdsBRPx/.SF0a5yean1wV.tD.ffaU3dHPqToxdmi,337
user338@example.com,user338,$2b$12$cfTP3RYlQExukUdsBRPx/.SF0a5yean1wV.tD.ffaU3dHPqToxdmi,338
user339@example.com,user339,$2b$12$cfTP3RYlQExukUdsBRPx/.SF0a5yean1wV.tD.ffaU3dHPqToxdmi,339
user340@example.com,user340,$2b$12$cfTP3RYlQExukUdsBRPx/.SF0a5yean1wV.tD.ffaU3dHPqToxdmi,340
user341@example.com,user341,$2b$12$cfTP3RYlQExukUdsBRPx/.SF0a5yean1wV.tD.ffaU3dHPqToxdmi,341
user342@example.com,user342,$2b$12$cfTP3RYlQExukUdsBRPx/.SF0a5yean1wV.tD.ffaU3dHPqToxdmi,342
user343@example.com,user343,$2b$12$cfTP3RYlQExukUdsBRPx/.SF0a5yean1wV.tD.ffaU3dHPqToxdmi,343
user344@example.com,user344,$2b$12$cfTP3RYlQExukUdsBRPx/.SF0a5yean1wV.tD.ffaU3dHPqToxdmi,344
user345@example.com,user345,$2b$12$cfTP3RYlQExukUdsBRPx/.SF0a5yean1wV.tD.ffaU3dHPqToxdmi,345
user346@example.com,user346,$2b$12$cfTP3RYlQExukUdsBRPx/.SF0a5yean1wV.tD.ffaU3dHPqToxdmi,346
user347@example.com,user347,$2b$12$cfTP3RYlQExukUdsBRPx/.SF0a5yean1wV.tD.ffaU3dHPqToxdmi,347
user348@example.com,user348,$2b$12$cfTP3RYlQExukUdsBRPx/.SF0a5yean1wV.tD.ffaU3dHPqToxdmi,348
user349@example.com,user349,$2b$12$cfTP3RYlQExukUdsBRPx/.SF0a5yean1wV.tD.ffaU3dHPqToxdmi,349
user350@example.com,user350,$2b$12$cfTP3RYlQExukUdsBRPx/.SF0a5yean1wV.tD.ffaU3dHPqToxdmi,350
user351@example.com,user351,$2b$12$cfTP3RYlQExukUdsBRPx/.SF0a5yean1wV.tD.ffaU3dHPqToxdmi,351
user352@example.com,user352,$2b$12$cfTP3RYlQExukUdsBRPx/.SF0a5yean1wV.tD.ffaU3dHPqToxdmi,352
user353@example.com,user353,$2b$12$cfTP3RYlQExukUdsBRPx/.SF0a5yean1wV.tD.ffaU3dHPqToxdmi,353
user354@example.com,user354,$2b$12$cfTP3RYlQExukUdsBRPx/.SF0a5yean1wV.tD.ffaU3dHPqToxdmi,354
user355@example.com,user355,$2b$12$cfTP3RYlQExukUdsBRPx/.SF0a5yean1wV.tD.ffaU3dHPqToxdmi,355
user356@example.com,user356,$2b$12$cfTP3RYlQExukUdsBRPx/.SF0a5yean1wV.tD.ffaU3dHPqToxdmi,356
user357@example.com,user357,$2b$12$cfTP3RYlQExukUdsBRPx/.SF0a5yean1wV.tD.ffaU3dHPqToxdmi,357
user358@example.com,user358,$2b$12$cfTP3RYlQExukUdsBRPx/.SF0a5yean1wV.tD.ffaU3dHPqToxdmi,358
user359@example.com,user359,$2b$12$cfTP3RYlQExukUdsBRPx/.SF0a5yean1wV.tD.ffaU3dHPqToxdmi,359
user360@example.com,user360,$2b$12$cfTP3RYlQExukUdsBRPx/.SF0a5yean1wV.tD.ffaU3dHPqToxdmi,360
user361@example.com,user361,$2b$12$cfTP3RYlQExukUdsBRPx/.SF0a5yean1wV.tD.ffaU3dHPqToxdmi,361
user362@example.com,user362,$2b$12$cfTP3RYlQExukUdsBRPx/.SF0a5yean1wV.tD.ffaU3dHPqToxdmi,362
user363@example.com,user363,$2b$12$cfTP3RYlQExukUdsBRPx/.SF0a5yean1wV.tD.ffaU3dHPqToxdmi,363
user364@example.com,user364,$2b$12$cfTP3RYlQExukUdsBRPx/.SF0a5yean1wV.tD.ffaU3dHPqToxdmi,364
user365@example.com,user365,$2b$12$cfTP3RYlQExukUdsBRPx/.SF0a5yean1wV.tD.ffaU3dHPqToxdmi,365
user366@example.com,user366,$2b$12$cfTP3RYlQExukUdsBRPx/.SF0a5yean1wV.tD.ffaU3dHPqToxdmi,366
user367@example.com,user367,$2b$12$cfTP3RYlQExukUdsBRPx/.SF0a5yean1wV.tD.ffaU3dHPqToxdmi,367
user368@example.com,user368,$2b$12$cfTP3RYlQExukUdsBRPx/.SF0a5yean1wV.tD.ffaU3dHPqToxdmi,368
user369@example.com,user369,$2b$12$cfTP3RYlQExukUdsBRPx/.SF0a5yean1wV.tD.ffaU3dHPqToxdmi,369
user370@example.com,user370,$2b$12$cfTP3RYlQExukUdsBRPx/.SF0a5yean1wV.tD.ffaU3dHPqToxdmi,370
user371@example.com,user371,$2b$12$cfTP3RYlQExukUdsBRPx/.SF0a5yean1wV.tD.ffaU3dHPqToxdmi,371
user372@example.com,user372,$2b$12$cfTP3RYlQExukUdsBRPx/.SF0a5yean1wV.tD.ffaU3dHPqToxdmi,372
user373@example.com,user373,$2b$12$cfTP3RYlQExukUdsBRPx/.SF0a5yean1wV.tD.ffaU3dHPqToxdmi,373
user374@example.com,user374,$2b$12$cfTP3RYlQExukUdsBRPx/.SF0a5yean1wV.tD.ffaU3dHPqToxdmi,374
user375@example.com,user375,$2b$12$cfTP3RYlQExukUdsBRPx/.SF0a5yean1wV.tD.ffaU3dHPqToxdmi,375
user376@example.com,user376,$2b$12$cfTP3RYlQExukUdsBRPx/.SF0a5yean1wV.tD.ffaU3dHPqToxdmi,376
user377@example.com,user377,$2b$12$cfTP3RYlQExukUdsBRPx/.SF0a5yean1wV.tD.ffaU3dHPqToxdmi,377
user378@example.com,user378,$2b$12$cfTP3RYlQExukUdsBRPx/.SF0a5yean1wV.tD.ffaU3dHPqToxdmi,378
user379@example.com,user379,$2b$12$cfTP3RYlQExukUdsBRPx/.SF0a5yean1wV.tD.ffaU3dHPqToxdmi,379
user380@example.com,user380,$2b$12$cfTP3RYlQExukUdsBRPx/.SF0a5yean1wV.tD.ffaU3dHPqToxdmi,380
user381@example.com,user381,$2b$12$cfTP3RYlQExukUdsBRPx/.SF0a5yean1wV.tD.ffaU3dHPqToxdmi,381
user382@example.com,user382,$2b$12$cfTP3RYlQExukUdsBRPx/.SF0a5yean1wV.tD.ffaU3dHPqToxdmi,382
user383@example.com,user383,$2b$12$cfTP3RYlQExukUdsBRPx/.SF0a5yean1wV.tD.ffaU3dHPqToxdmi,383
user384@example.com,user384,$2b$12$cfTP3RYlQExukUdsBRPx/.SF0a5yean1wV.tD.ffaU3dHPqToxdmi,384
user385@example.com,user385,$2b$12$cfTP3RYlQExukUdsBRPx/.SF0a5yean1wV.tD.ffaU3dHPqToxdmi,385
user386@example.com,user386,$2b$12$cfTP3RYlQExukUdsBRPx/.SF0a5yean1wV.tD.ffaU3dHPqToxdmi,386
user387@example.com,user387,$2b$12$cfTP3RYlQExukUdsBRPx/.SF0a5yean1wV.tD.ffaU3dHPqToxdmi,387
user388@example.com,user388,$2b$12$cfTP3RYlQExukUdsBRPx/.SF0a5yean1wV.tD.ffaU3dHPqToxdmi,388
user389@example.com,user389,$2b$12$cfTP3RYlQExukUdsBRPx/.SF0a5yean1wV.tD.ffaU3dHPqToxdmi,389
user390@example.com,user390,$2b$12$cfTP3RYlQExukUdsBRPx/.SF0a5yean1wV.tD.ffaU3dHPqToxdmi,390
user391@example.com,user391,$2b$12$cfTP3RYlQExukUdsBRPx/.SF0a5yean1wV.tD.ffaU3dHPqToxdmi,391
user392@example.com,user392,$2b$12$cfTP3RYlQExukUdsBRPx/.SF0a5yean1wV.tD.ffaU3dHPqToxdmi,392
user393@example.com,user393,$2b$12$cfTP3RYlQExukUdsBRPx/.SF0a5yean1wV.tD.ffaU3dHPqToxdmi,393
user394@example.com,user394,$2b$12$cfTP3RYlQExukUdsBRPx/.SF0a5yean1wV.tD.ffaU3dHPqToxdmi,394
user395@example.com,user395,$2b$12$cfTP3RYlQExukUdsBRPx/.SF0a5yean1wV.tD.ffaU3dHPqToxdmi,395
user396@example.com,user396,$2b$12$cfTP3RYlQExukUdsBRPx/.SF0a5yean1wV.tD.ffaU3dHPqToxdmi,396
user397@example.com,user397,$2b$12$cfTP3RYlQExukUdsBRPx/.SF0a5yean1wV.tD.ffaU3dHPqToxdmi,397
user398@example.com,user398,$2b$12$cfTP3RYlQExukUdsBRPx/.SF0a5yean1wV.tD.ffaU3dHPqToxdmi,398
user399@example.com,user399,$2b$12$cfTP3RYlQExukUdsBRPx/.SF0a5yean1wV.tD.ffaU3dHPqToxdmi,399
user400@example.com,user400,$2b$12$cfTP3RYlQExukUdsBRPx/.SF0a5yean1wV.tD.ffaU3dHPqToxdmi,400
user401@example.com,user401,$2b$12$cfTP3RYlQExukUdsBRPx/.SF0a5yean1wV.tD.ffaU3dHPqToxdmi,401
user402@example.com,user402,$2b$12$cfTP3RYlQExukUdsBRPx/.SF0a5yean1wV.tD.ffaU3dHPqToxdmi,402
user403@example.com,user403,$2b$12$cfTP3RYlQExukUdsBRPx/.SF0a5yean1wV.tD.ffaU3dHPqToxdmi,403
user404@example.com,user404,$2b$12$cfTP3RYlQExukUdsBRPx/.SF0a5yean1wV.tD.ffaU3dHPqToxdmi,404
user405@example.com,user405,$2b$12$cfTP3RYlQExukUdsBRPx/.SF0a5yean1wV.tD.ffaU3dHPqToxdmi,405
user406@example.com,user406,$2b$12$cfTP3RYlQExukUdsBRPx/.SF0a5yean1wV.tD.ffaU3dHPqToxdmi,406
user407@example.com,user407,$2b$12$cfTP3RYlQExukUdsBRPx/.SF0a5yean1wV.tD.ffaU3dHPqToxdmi,407
user408@example.com,user408,$2b$12$cfTP3RYlQExukUdsBRPx/.SF0a5yean1wV.tD.ffaU3dHPqToxdmi,408
user409@example.com,user409,$2b$12$cfTP3RYlQExukUdsBRPx/.SF0a5yean1wV.tD.ffaU3dHPqToxdmi,409
user410@example.com,user410,$2b$12$cfTP3RYlQExukUdsBRPx/.SF0a5yean1wV.tD.ffaU3dHPqToxdmi,410
user411@example.com,user411,$2b$12$cfTP3RYlQExukUdsBRPx/.SF0a5yean1wV.tD.ffaU3dHPqToxdmi,411
user412@example.com,user412,$2b$12$cfTP3RYlQExukUdsBRPx/.SF0a5yean1wV.tD.ffaU3dHPqToxdmi,412
user413@example.com,user413,$2b$12$cfTP3RYlQExukUdsBRPx/.SF0a5yean1wV.tD.ffaU3dHPqToxdmi,413
user414@example.com,user414,$2b$12$cfTP3RYlQExukUdsBRPx/.SF0a5yean1wV.tD.ffaU3dHPqToxdmi,414
user415@example.com,user415,$2b$12$cfTP3RYlQExukUdsBRPx/.SF0a5yean1wV.tD.ffaU3dHPqToxdmi,415
user416@example.com,user416,$2b$12$cfTP3RYlQExukUdsBRPx/.SF0a5yean1wV.tD.ffaU3dHPqToxdmi,416
user417@example.com,user417,$2b$12$cfTP3RYlQExukUdsBRPx/.SF0a5yean1wV.tD.ffaU3dHPqToxdmi,417
user418@example.com,user418,$2b$12$cfTP3RYlQExukUdsBRPx/.SF0a5yean1wV.tD.ffaU3dHPqToxdmi,418
user419@example.com,user419,$2b$12$cfTP3RYlQExukUdsBRPx/.SF0a5yean1wV.tD.ffaU3dHPqToxdmi,419
user420@example.com,user420,$2b$12$cfTP3RYlQExukUdsBRPx/.SF0a5yean1wV.tD.ffaU3dHPqToxdmi,420
user421@example.com,user421,$2b$12$cfTP3RYlQExukUdsBRPx/.SF0a5yean1wV.tD.ffaU3dHPqToxdmi,421
user422@example.com,user422,$2b$12$cfTP3RYlQExukUdsBRPx/.SF0a5yean1wV.tD.ffaU3dHPqToxdmi,422
user423@example.com,user423,$2b$12$cfTP3RYlQExukUdsBRPx/.SF0a5yean1wV.tD.ffaU3dHPqToxdmi,423
user424@example.com,user424,$2b$12$cfTP3RYlQExukUdsBRPx/.SF0a5yean1wV.tD.ffaU3dHPqToxdmi,424
user425@example.com,user425,$2b$12$cfTP3RYlQExukUdsBRPx/.SF0a5yean1wV.tD.ffaU3dHPqToxdmi,425
user426@example.com,user426,$2b$12$cfTP3RYlQExukUdsBRPx/.SF0a5yean1wV.tD.ffaU3dHPqToxdmi,426
user427@example.com,user427,$2b$12$cfTP3RYlQExukUdsBRPx/.SF0a5yean1wV.tD.ffaU3dHPqToxdmi,427
user428@example.com,user428,$2b$12$cfTP3RYlQExukUdsBRPx/.SF0a5yean1wV.tD.ffaU3dHPqToxdmi,428
user429@example.com,user429,$2b$12$cfTP3RYlQExukUdsBRPx/.SF0a5yean1wV.tD.ffaU3dHPqToxdmi,429
user430@example.com,user430,$2b$12$cfTP3RYlQExukUdsBRPx/.SF0a5yean1wV.tD.ffaU3dHPqToxdmi,430
user431@example.com,user431,$2b$12$cfTP3RYlQExukUdsBRPx/.SF0a5yean1wV.tD.ffaU3dHPqToxdmi,431
user432@example.com,user432,$2b$12$cfTP3RYlQExukUdsBRPx/.SF0a5yean1wV.tD.ffaU3dHPqToxdmi,432
user433@example.com,user433,$2b$12$cfTP3RYlQExukUdsBRPx/.SF0a5yean1wV.tD.ffaU3dHPqToxdmi,433
user434@example.com,user434,$2b$12$cfTP3RYlQExukUdsBRPx/.SF0a5yean1wV.tD.ffaU3dHPqToxdmi,434
user435@example.com,user435,$2b$12$cfTP3RYlQExukUdsBRPx/.SF0a5yean1wV.tD.ffaU3dHPqToxdmi,435
user436@example.com,user436,$2b$12$cfTP3RYlQExukUdsBRPx/.SF0a5yean1wV.tD.ffaU3dHPqToxdmi,436
user437@example.com,user437,$2b$12$cfTP3RYlQExukUdsBRPx/.SF0a5yean1wV.tD.ffaU3dHPqToxdmi,437
user438@example.com,user438,$2b$12$cfTP3RYlQExukUdsBRPx/.SF0a5yean1wV.tD.ffaU3dHPqToxdmi,438
user439@example.com,user439,$2b$12$cfTP3RYlQExukUdsBRPx/.SF0a5yean1wV.tD.ffaU3dHPqToxdmi,439
user440@example.com,user440,$2b$12$cfTP3RYlQExukUdsBRPx/.SF0a5yean1wV.tD.ffaU3dHPqToxdmi,440
user441@example.com,user441,$2b$12$cfTP3RYlQExukUdsBRPx/.SF0a5yean1wV.tD.ffaU3dHPqToxdmi,441
user442@example.com,user442,$2b$12$cfTP3RYlQExukUdsBRPx/.SF0a5yean1wV.tD.ffaU3dHPqToxdmi,442
user443@example.com,user443,$2b$12$cfTP3RYlQExukUdsBRPx/.SF0a5yean1wV.tD.ffaU3dHPqToxdmi,443
user444@example.com,user444,$2b$12$cfTP3RYlQExukUdsBRPx/.SF0a5yean1wV.tD.ffaU3dHPqToxdmi,444
user445@example.com,user445,$2b$12$cfTP3RYlQExukUdsBRPx/.SF0a5yean1wV.tD.ffaU3dHPqToxdmi,445
user446@example.com,user446,$2b$12$cfTP3RYlQExukUdsBRPx/.SF0a5yean1wV.tD.ffaU3dHPqToxdmi,446
user447@example.com,user447,$2b$12$cfTP3RYlQExukUdsBRPx/.SF0a5yean1wV.tD.ffaU3dHPqToxdmi,447
user448@example.com,user448,$2b$12$cfTP3RYlQExukUdsBRPx/.SF0a5yean1wV.tD.ffaU3dHPqToxdmi,448
user449@example.com,user449,$2b$12$cfTP3RYlQExukUdsBRPx/.SF0a5yean1wV.tD.ffaU3dHPqToxdmi,449
user450@example.com,user450,$2b$12$cfTP3RYlQExukUdsBRPx/.SF0a5yean1wV.tD.ffaU3dHPqToxdmi,450
user451@example.com,user451,$2b$12$cfTP3RYlQExukUdsBRPx/.SF0a5yean1wV.tD.ffaU3dHPqToxdmi,451
user452@example.com,user452,$2b$12$cfTP3RYlQExukUdsBRPx/.SF0a5yean1wV.tD.ffaU3dHPqToxdmi,452
user453@example.com,user453,$2b$12$cfTP3RYlQExukUdsBRPx/.SF0a5yean1wV.tD.ffaU3dHPqToxdmi,453
user454@example.com,user454,$2b$12$cfTP3RYlQExukUdsBRPx/.SF0a5yean1wV.tD.ffaU3dHPqToxdmi,454
user455@example.com,user455,$2b$12$cfTP3RYlQExukUdsBRPx/.SF0a5yean1wV.tD.ffaU3dHPqToxdmi,455
user456@example.com,user456,$2b$12$cfTP3RYlQExukUdsBRPx/.SF0a5yean1wV.tD.ffaU3dHPqToxdmi,456
user457@example.com,user457,$2b$12$cfTP3RYlQExukUdsBRPx/.SF0a5yean1wV.tD.ffaU3dHPqToxdmi,457
user458@example.com,user458,$2b$12$cfTP3RYlQExukUdsBRPx/.SF0a5yean1wV.tD.ffaU3dHPqToxdmi,458
user459@example.com,user459,$2b$12$cfTP3RYlQExukUdsBRPx/.SF0a5yean1wV.tD.ffaU3dHPqToxdmi,459
user460@example.com,user460,$2b$12$cfTP3RYlQExukUdsBRPx/.SF0a5yean1wV.tD.ffaU3dHPqToxdmi,460
user461@example.com,user461,$2b$12$cfTP3RYlQExukUdsBRPx/.SF0a5yean1wV.tD.ffaU3dHPqToxdmi,461
user462@example.com,user462,$2b$12$cfTP3RYlQExukUdsBRPx/.SF0a5yean1wV.tD.ffaU3dHPqToxdmi,462
user463@example.com,user463,$2b$12$cfTP3RYlQExukUdsBRPx/.SF0a5yean1wV.tD.ffaU3dHPqToxdmi,463
user464@example.com,user464,$2b$12$cfTP3RYlQExukUdsBRPx/.SF0a5yean1wV.tD.ffaU3dHPqToxdmi,464
user465@example.com,user465,$2b$12$cfTP3RYlQExukUdsBRPx/.SF0a5yean1wV.tD.ffaU3dHPqToxdmi,465
user466@example.com,user466,$2b$12$cfTP3RYlQExukUdsBRPx/.SF0a5yean1wV.tD.ffaU3dHPqToxdmi,466
user467@example.com,user467,$2b$12$cfTP3RYlQExukUdsBRPx/.SF0a5yean1wV.tD.ffaU3dHPqToxdmi,467
user468@example.com,user468,$2b$12$cfTP3RYlQExukUdsBRPx/.SF0a5yean1wV.tD.ffaU3dHPqToxdmi,468
user469@example.com,user469,$2b$12$cfTP3RYlQExukUdsBRPx/.SF0a5yean1wV.tD.ffaU3dHPqToxdmi,469
user470@example.com,user470,$2b$12$cfTP3RYlQExukUdsBRPx/.SF0a5yean1wV.tD.ffaU3dHPqToxdmi,470
user471@example.com,user471,$2b$12$cfTP3RYlQExukUdsBRPx/.SF0a5yean1wV.tD.ffaU3dHPqToxdmi,471
user472@example.com,user472,$2b$12$cfTP3RYlQExukUdsBRPx/.SF0a5yean1wV.tD.ffaU3dHPqToxdmi,472
user473@example.com,user473,$2b$12$cfTP3RYlQExukUdsBRPx/.SF0a5yean1wV.tD.ffaU3dHPqToxdmi,473
user474@example.com,user474,$2b$12$cfTP3RYlQExukUdsBRPx/.SF0a5yean1wV.tD.ffaU3dHPqToxdmi,474
user475@example.com,user475,$2b$12$cfTP3RYlQExukUdsBRPx/.SF0a5yean1wV.tD.ffaU3dHPqToxdmi,475
user476@example.com,user476,$2b$12$cfTP3RYlQExukUdsBRPx/.SF0a5yean1wV.tD.ffaU3dHPqToxdmi,476
user477@example.com,user477,$2b$12$cfTP3RYlQExukUdsBRPx/.SF0a5yean1wV.tD.ffaU3dHPqToxdmi,477
user478@example.com,user478,$2b$12$cfTP3RYlQExukUdsBRPx/.SF0a5yean1wV.tD.ffaU3dHPqToxdmi,478
user479@example.com,user479,$2b$12$cfTP3RYlQExukUdsBRPx/.SF0a5yean1wV.tD.ffaU3dHPqToxdmi,479
user480@example.com,user480,$2b$12$cfTP3RYlQExukUdsBRPx/.SF0a5yean1wV.tD.ffaU3dHPqToxdmi,480
user481@example.com,user481,$2b$12$cfTP3RYlQExukUdsBRPx/.SF0a5yean1wV.tD.ffaU3dHPqToxdmi,481
user482@example.com,user482,$2b$12$cfTP3RYlQExukUdsBRPx/.SF0a5yean1wV.tD.ffaU3dHPqToxdmi,482
user483@example.com,user483,$2b$12$cfTP3RYlQExukUdsBRPx/.SF0a5yean1wV.tD.ffaU3dHPqToxdmi,483
user484@example.com,user484,$2b$12$cfTP3RYlQExukUdsBRPx/.SF0a5yean1wV.tD.ffaU3dHPqToxdmi,484
user485@example.com,user485,$2b$12$cfTP3RYlQExukUdsBRPx/.SF0a5yean1wV.tD.ffaU3dHPqToxdmi,485
user486@example.com,user486,$2b$12$cfTP3RYlQExukUdsBRPx/.SF0a5yean1wV.tD.ffaU3dHPqToxdmi,486
user487@example.com,user487,$2b$12$cfTP3RYlQExukUdsBRPx/.SF0a5yean1wV.tD.ffaU3dHPqToxdmi,487
user488@example.com,user488,$2b$12$cfTP3RYlQExukUdsBRPx/.SF0a5yean1wV.tD.ffaU3dHPqToxdmi,488
user489@example.com,user489,$2b$12$cfTP3RYlQExukUdsBRPx/.SF0a5yean1wV.tD.ffaU3dHPqToxdmi,489
user490@example.com,user490,$2b$12$cfTP3RYlQExukUdsBRPx/.SF0a5yean1wV.tD.ffaU3dHPqToxdmi,490
user491@example.com,user491,$2b$12$cfTP3RYlQExukUdsBRPx/.SF0a5yean1wV.tD.ffaU3dHPqToxdmi,491
user492@example.com,user492,$2b$12$cfTP3RYlQExukUdsBRPx/.SF0a5yean1wV.tD.ffaU3dHPqToxdmi,492
user493@example.com,user493,$2b$12$cfTP3RYlQExukUdsBRPx/.SF0a5yean1wV.tD.ffaU3dHPqToxdmi,493
user494@example.com,user494,$2b$12$cfTP3RYlQExukUdsBRPx/.SF0a5yean1wV.tD.ffaU3dHPqToxdmi,494
user495@example.com,user495,$2b$12$cfTP3RYlQExukUdsBRPx/.SF0a5yean1wV.tD.ffaU3dHPqToxdmi,495
user496@example.com,user496,$2b$12$cfTP3RYlQExukUdsBRPx/.SF0a5yean1wV.tD.ffaU3dHPqToxdmi,496
user497@example.com,user497,$2b$12$cfTP3RYlQExukUdsBRPx/.SF0a5yean1wV.tD.ffaU3dHPqToxdmi,497
user498@example.com,user498,$2b$12$cfTP3RYlQExukUdsBRPx/.SF0a5yean1wV.tD.ffaU3dHPqToxdmi,498
user499@example.com,user499,$2b$12$cfTP3RYlQExukUdsBRPx/.SF0a5yean1wV.tD.ffaU3dHPqToxdmi,499
user500@example.com,user500,$2b$12$cfTP3RYlQExukUdsBRPx/.SF0a5yean1wV.tD.ffaU3dHPqToxdmi,500
user501@example.com,user501,$2b$12$cfTP3RYlQExukUdsBRPx/.SF0a5yean1wV.tD.ffaU3dHPqToxdmi,501
user502@example.com,user502,$2b$12$cfTP3RYlQExukUdsBRPx/.SF0a5yean1wV.tD.ffaU3dHPqToxdmi,502
user503@example.com,user503,$2b$12$cfTP3RYlQExukUdsBRPx/.SF0a5yean1wV.tD.ffaU3dHPqToxdmi,503
user504@example.com,user504,$2b$12$cfTP3RYlQExukUdsBRPx/.SF0a5yean1wV.tD.ffaU3dHPqToxdmi,504
user505@example.com,user505,$2b$12$cfTP3RYlQExukUdsBRPx/.SF0a5yean1wV.tD.ffaU3dHPqToxdmi,505
user506@example.com,user506,$2b$12$cfTP3RYlQExukUdsBRPx/.SF0a5yean1wV.tD.ffaU3dHPqToxdmi,506
user507@example.com,user507,$2b$12$cfTP3RYlQExukUdsBRPx/.SF0a5yean1wV.tD.ffaU3dHPqToxdmi,507
user508@example.com,user508,$2b$12$cfTP3RYlQExukUdsBRPx/.SF0a5yean1wV.tD.ffaU3dHPqToxdmi,508
user509@example.com,user509,$2b$12$cfTP3RYlQExukUdsBRPx/.SF0a5yean1wV.tD.ffaU3dHPqToxdmi,509
user510@example.com,user510,$2b$12$cfTP3RYlQExukUdsBRPx/.SF0a5yean1wV.tD.ffaU3dHPqToxdmi,510
user511@example.com,user511,$2b$12$cfTP3RYlQExukUdsBRPx/.SF0a5yean1wV.tD.ffaU3dHPqToxdmi,511
user512@example.com,user512,$2b$12$cfTP3RYlQExukUdsBRPx/.SF0a5yean1wV.tD.ffaU3dHPqToxdmi,512
user513@example.com,user513,$2b$12$cfTP3RYlQExukUdsBRPx/.SF0a5yean1wV.tD.ffaU3dHPqToxdmi,513
user514@example.com,user514,$2b$12$cfTP3RYlQExukUdsBRPx/.SF0a5yean1wV.tD.ffaU3dHPqToxdmi,514
user515@example.com,user515,$2b$12$cfTP3RYlQExukUdsBRPx/.SF0a5yean1wV.tD.ffaU3dHPqToxdmi,515
user516@example.com,user516,$2b$12$cfTP3RYlQExukUdsBRPx/.SF0a5yean1wV.tD.ffaU3dHPqToxdmi,516
user517@example.com,user517,$2b$12$cfTP3RYlQExukUdsBRPx/.SF0a5yean1wV.tD.ffaU3dHPqToxdmi,517
user518@example.com,user518,$2b$12$cfTP3RYlQExukUdsBRPx/.SF0a5yean1wV.tD.ffaU3dHPqToxdmi,518
user519@example.com,user519,$2b$12$cfTP3RYlQExukUdsBRPx/.SF0a5yean1wV.tD.ffaU3dHPqToxdmi,519
user520@example.com,user520,$2b$12$cfTP3RYlQExukUdsBRPx/.SF0a5yean1wV.tD.ffaU3dHPqToxdmi,520
user521@example.com,user521,$2b$12$cfTP3RYlQExukUdsBRPx/.SF0a5yean1wV.tD.ffaU3dHPqToxdmi,521
user522@example.com,user522,$2b$12$cfTP3RYlQExukUdsBRPx/.SF0a5yean1wV.tD.ffaU3dHPqToxdmi,522
user523@example.com,user523,$2b$12$cfTP3RYlQExukUdsBRPx/.SF0a5yean1wV.tD.ffaU3dHPqToxdmi,523
user524@example.com,user524,$2b$12$cfTP3RYlQExukUdsBRPx/.SF0a5yean1wV.tD.ffaU3dHPqToxdmi,524
user525@example.com,user525,$2b$12$cfTP3RYlQExukUdsBRPx/.SF0a5yean1wV.tD.ffaU3dHPqToxdmi,525
user526@example.com,user526,$2b$12$cfTP3RYlQExukUdsBRPx/.SF0a5yean1wV.tD.ffaU3dHPqToxdmi,526
user527@example.com,user527,$2b$12$cfTP3RYlQExukUdsBRPx/.SF0a5yean1wV.tD.ffaU3dHPqToxdmi,527
user528@example.com,user528,$2b$12$cfTP3RYlQExukUdsBRPx/.SF0a5yean1wV.tD.ffaU3dHPqToxdmi,528
user529@example.com,user529,$2b$12$cfTP3RYlQExukUdsBRPx/.SF0a5yean1wV.tD.ffaU3dHPqToxdmi,529
user530@example.com,user530,$2b$12$cfTP3RYlQExukUdsBRPx/.SF0a5yean1wV.tD.ffaU3dHPqToxdmi,530
user531@example.com,user531,$2b$12$cfTP3RYlQExukUdsBRPx/.SF0a5yean1wV.tD.ffaU3dHPqToxdmi,531
user532@example.com,user532,$2b$12$cfTP3RYlQExukUdsBRPx/.SF0a5yean1wV.tD.ffaU3dHPqToxdmi,532
user533@example.com,user533,$2b$12$cfTP3RYlQExukUdsBRPx/.SF0a5yean1wV.tD.ffaU3dHPqToxdmi,533
user534@example.com,user534,$2b$12$cfTP3RYlQExukUdsBRPx/.SF0a5yean1wV.tD.ffaU3dHPqToxdmi,534
user535@example.com,user535,$2b$12$cfTP3RYlQExukUdsBRPx/.SF0a5yean1wV.tD.ffaU3dHPqToxdmi,535
user536@example.com,user536,$2b$12$cfTP3RYlQExukUdsBRPx/.SF0a5yean1wV.tD.ffaU3dHPqToxdmi,536
user537@example.com,user537,$2b$12$cfTP3RYlQExukUdsBRPx/.SF0a5yean1wV.tD.ffaU3dHPqToxdmi,537
user538@example.com,user538,$2b$12$cfTP3RYlQExukUdsBRPx/.SF0a5yean1wV.tD.ffaU3dHPqToxdmi,538
user539@example.com,user539,$2b$12$cfTP3RYlQExukUdsBRPx/.SF0a5yean1wV.tD.ffaU3dHPqToxdmi,539
user540@example.com,user540,$2b$12$cfTP3RYlQExukUdsBRPx/.SF0a5yean1wV.tD.ffaU3dHPqToxdmi,540
user541@example.com,user541,$2b$12$cfTP3RYlQExukUdsBRPx/.SF0a5yean1wV.tD.ffaU3dHPqToxdmi,541
user542@example.com,user542,$2b$12$cfTP3RYlQExukUdsBRPx/.SF0a5yean1wV.tD.ffaU3dHPqToxdmi,542
user543@example.com,user543,$2b$12$cfTP3RYlQExukUdsBRPx/.SF0a5yean1wV.tD.ffaU3dHPqToxdmi,543
user544@example.com,user544,$2b$12$cfTP3RYlQExukUdsBRPx/.SF0a5yean1wV.tD.ffaU3dHPqToxdmi,544
user545@example.com,user545,$2b$12$cfTP3RYlQExukUdsBRPx/.SF0a5yean1wV.tD.ffaU3dHPqToxdmi,545
user546@example.com,user546,$2b$12$cfTP3RYlQExukUdsBRPx/.SF0a5yean1wV.tD.ffaU3dHPqToxdmi,546
user547@example.com,user547,$2b$12$cfTP3RYlQExukUdsBRPx/.SF0a5yean1wV.tD.ffaU3dHPqToxdmi,547
user548@example.com,user548,$2b$12$cfTP3RYlQExukUdsBRPx/.SF0a5yean1wV.tD.ffaU3dHPqToxdmi,548
user549@example.com,user549,$2b$12$cfTP3RYlQExukUdsBRPx/.SF0a5yean1wV.tD.ffaU3dHPqToxdmi,549
user550@example.com,user550,$2b$12$cfTP3RYlQExukUdsBRPx/.SF0a5yean1wV.tD.ffaU3dHPqToxdmi,550
user551@example.com,user551,$2b$12$cfTP3RYlQExukUdsBRPx/.SF0a5yean1wV.tD.ffaU3dHPqToxdmi,551
user552@example.com,user552,$2b$12$cfTP3RYlQExukUdsBRPx/.SF0a5yean1wV.tD.ffaU3dHPqToxdmi,552
user553@example.com,user553,$2b$12$cfTP3RYlQExukUdsBRPx/.SF0a5yean1wV.tD.ffaU3dHPqToxdmi,553
user554@example.com,user554,$2b$12$cfTP3RYlQExukUdsBRPx/.SF0a5yean1wV.tD.ffaU3dHPqToxdmi,554
user555@example.com,user555,$2b$12$cfTP3RYlQExukUdsBRPx/.SF0a5yean1wV.tD.ffaU3dHPqToxdmi,555
user556@example.com,user556,$2b$12$cfTP3RYlQExukUdsBRPx/.SF0a5yean1wV.tD.ffaU3dHPqToxdmi,556
user557@example.com,user557,$2b$12$cfTP3RYlQExukUdsBRPx/.SF0a5yean1wV.tD.ffaU3dHPqToxdmi,557
user558@example.com,user558,$2b$12$cfTP3RYlQExukUdsBRPx/.SF0a5yean1wV.tD.ffaU3dHPqToxdmi,558
user559@example.com,user559,$2b$12$cfTP3RYlQExukUdsBRPx/.SF0a5yean1wV.tD.ffaU3dHPqToxdmi,559
user560@example.com,user560,$2b$12$cfTP3RYlQExukUdsBRPx/.SF0a5yean1wV.tD.ffaU3dHPqToxdmi,560
user561@example.com,user561,$2b$12$cfTP3RYlQExukUdsBRPx/.SF0a5yean1wV.tD.ffaU3dHPqToxdmi,561
user562@example.com,user562,$2b$12$cfTP3RYlQExukUdsBRPx/.SF0a5yean1wV.tD.ffaU3dHPqToxdmi,562
user563@example.com,user563,$2b$12$cfTP3RYlQExukUdsBRPx/.SF0a5yean1wV.tD.ffaU3dHPqToxdmi,563
user564@example.com,user564,$2b$12$cfTP3RYlQExukUdsBRPx/.SF0a5yean1wV.tD.ffaU3dHPqToxdmi,564
user565@example.com,user565,$2b$12$cfTP3RYlQExukUdsBRPx/.SF0a5yean1wV.tD.ffaU3dHPqToxdmi,565
user566@example.com,user566,$2b$12$cfTP3RYlQExukUdsBRPx/.SF0a5yean1wV.tD.ffaU3dHPqToxdmi,566
user567@example.com,user567,$2b$12$cfTP3RYlQExukUdsBRPx/.SF0a5yean1wV.tD.ffaU3dHPqToxdmi,567
user568@example.com,user568,$2b$12$cfTP3RYlQExukUdsBRPx/.SF0a5yean1wV.tD.ffaU3dHPqToxdmi,568
user569@example.com,user569,$2b$12$cfTP3RYlQExukUdsBRPx/.SF0a5yean1wV.tD.ffaU3dHPqToxdmi,569
user570@example.com,user570,$2b$12$cfTP3RYlQExukUdsBRPx/.SF0a5yean1wV.tD.ffaU3dHPqToxdmi,570
user571@example.com,user571,$2b$12$cfTP3RYlQExukUdsBRPx/.SF0a5yean1wV.tD.ffaU3dHPqToxdmi,571
user572@example.com,user572,$2b$12$cfTP3RYlQExukUdsBRPx/.SF0a5yean1wV.tD.ffaU3dHPqToxdmi,572
user573@example.com,user573,$2b$12$cfTP3RYlQExukUdsBRPx/.SF0a5yean1wV.tD.ffaU3dHPqToxdmi,573
user574@example.com,user574,$2b$12$cfTP3RYlQExukUdsBRPx/.SF0a5yean1wV.tD.ffaU3dHPqToxdmi,574
user575@example.com,user575,$2b$12$cfTP3RYlQExukUdsBRPx/.SF0a5yean1wV.tD.ffaU3dHPqToxdmi,575
user576@example.com,user576,$2b$12$cfTP3RYlQExukUdsBRPx/.SF0a5yean1wV.tD.ffaU3dHPqToxdmi,576
user577@example.com,user577,$2b$12$cfTP3RYlQExukUdsBRPx/.SF0a5yean1wV.tD.ffaU3dHPqToxdmi,577
user578@example.com,user578,$2b$12$cfTP3RYlQExukUdsBRPx/.SF0a5yean1wV.tD.ffaU3dHPqToxdmi,578
user579@example.com,user579,$2b$12$cfTP3RYlQExukUdsBRPx/.SF0a5yean1wV.tD.ffaU3dHPqToxdmi,579
user580@example.com,user580,$2b$12$cfTP3RYlQExukUdsBRPx/.SF0a5yean1wV.tD.ffaU3dHPqToxdmi,580
user581@example.com,user581,$2b$12$cfTP3RYlQExukUdsBRPx/.SF0a5yean1wV.tD.ffaU3dHPqToxdmi,581
user582@example.com,user582,$2b$12$cfTP3RYlQExukUdsBRPx/.SF0a5yean1wV.tD.ffaU3dHPqToxdmi,582
user583@example.com,user583,$2b$12$cfTP3RYlQExukUdsBRPx/.SF0a5yean1wV.tD.ffaU3dHPqToxdmi,583
user584@example.com,user584,$2b$12$cfTP3RYlQExukUdsBRPx/.SF0a5yean1wV.tD.ffaU3dHPqToxdmi,584
user585@example.com,user585,$2b$12$cfTP3RYlQExukUdsBRPx/.SF0a5yean1wV.tD.ffaU3dHPqToxdmi,585
user586@example.com,user586,$2b$12$cfTP3RYlQExukUdsBRPx/.SF0a5yean1wV.tD.ffaU3dHPqToxdmi,586
user587@example.com,user587,$2b$12$cfTP3RYlQExukUdsBRPx/.SF0a5yean1wV.tD.ffaU3dHPqToxdmi,587
user588@example.com,user588,$2b$12$cfTP3RYlQExukUdsBRPx/.SF0a5yean1wV.tD.ffaU3dHPqToxdmi,588
user589@example.com,user589,$2b$12$cfTP3RYlQExukUdsBRPx/.SF0a5yean1wV.tD.ffaU3dHPqToxdmi,589
user590@example.com,user590,$2b$12$cfTP3RYlQExukUdsBRPx/.SF0a5yean1wV.tD.ffaU3dHPqToxdmi,590
user591@example.com,user591,$2b$12$cfTP3RYlQExukUdsBRPx/.SF0a5yean1wV.tD.ffaU3dHPqToxdmi,591
user592@example.com,user592,$2b$12$cfTP3RYlQExukUdsBRPx/.SF0a5yean1wV.tD.ffaU3dHPqToxdmi,592
user593@example.com,user593,$2b$12$cfTP3RYlQExukUdsBRPx/.SF0a5yean1wV.tD.ffaU3dHPqToxdmi,593
user594@example.com,user594,$2b$12$cfTP3RYlQExukUdsBRPx/.SF0a5yean1wV.tD.ffaU3dHPqToxdmi,594
user595@example.com,user595,$2b$12$cfTP3RYlQExukUdsBRPx/.SF0a5yean1wV.tD.ffaU3dHPqToxdmi,595
user596@example.com,user596,$2b$12$cfTP3RYlQExukUdsBRPx/.SF0a5yean1wV.tD.ffaU3dHPqToxdmi,596
user597@example.com,user597,$2b$12$cfTP3RYlQExukUdsBRPx/.SF0a5yean1wV.tD.ffaU3dHPqToxdmi,597
user598@example.com,user598,$2b$12$cfTP3RYlQExukUdsBRPx/.SF0a5yean1wV.tD.ffaU3dHPqToxdmi,598
user599@example.com,user599,$2b$12$cfTP3RYlQExukUdsBRPx/.SF0a5yean1wV.tD.ffaU3dHPqToxdmi,599
user600@example.com,user600,$2b$12$cfTP3RYlQExukUdsBRPx/.SF0a5yean1wV.tD.ffaU3dHPqToxdmi,600
user601@example.com,user601,$2b$12$cfTP3RYlQExukUdsBRPx/.SF0a5yean1wV.tD.ffaU3dHPqToxdmi,601
user602@example.com,user602,$2b$12$cfTP3RYlQExukUdsBRPx/.SF0a5yean1wV.tD.ffaU3dHPqToxdmi,602
user603@example.com,user603,$2b$12$cfTP3RYlQExukUdsBRPx/.SF0a5yean1wV.tD.ffaU3dHPqToxdmi,603
user604@example.com,user604,$2b$12$cfTP3RYlQExukUdsBRPx/.SF0a5yean1wV.tD.ffaU3dHPqToxdmi,604
user605@example.com,user605,$2b$12$cfTP3RYlQExukUdsBRPx/.SF0a5yean1wV.tD.ffaU3dHPqToxdmi,605
user606@example.com,user606,$2b$12$cfTP3RYlQExukUdsBRPx/.SF0a5yean1wV.tD.ffaU3dHPqToxdmi,606
user607@example.com,user607,$2b$12$cfTP3RYlQExukUdsBRPx/.SF0a5yean1wV.tD.ffaU3dHPqToxdmi,607
user608@example.com,user608,$2b$12$cfTP3RYlQExukUdsBRPx/.SF0a5yean1wV.tD.ffaU3dHPqToxdmi,608
user609@example.com,user609,$2b$12$cfTP3RYlQExukUdsBRPx/.SF0a5yean1wV.tD.ffaU3dHPqToxdmi,609
user610@example.com,user610,$2b$12$cfTP3RYlQExukUdsBRPx/.SF0a5yean1wV.tD.ffaU3dHPqToxdmi,610
user611@example.com,user611,$2b$12$cfTP3RYlQExukUdsBRPx/.SF0a5yean1wV.tD.ffaU3dHPqToxdmi,611
user612@example.com,user612,$2b$12$cfTP3RYlQExukUdsBRPx/.SF0a5yean1wV.tD.ffaU3dHPqToxdmi,612
user613@example.com,user613,$2b$12$cfTP3RYlQExukUdsBRPx/.SF0a5yean1wV.tD.ffaU3dHPqToxdmi,613
user614@example.com,user614,$2b$12$cfTP3RYlQExukUdsBRPx/.SF0a5yean1wV.tD.ffaU3dHPqToxdmi,614
user615@example.com,user615,$2b$12$cfTP3RYlQExukUdsBRPx/.SF0a5yean1wV.tD.ffaU3dHPqToxdmi,615
user616@example.com,user616,$2b$12$cfTP3RYlQExukUdsBRPx/.SF0a5yean1wV.tD.ffaU3dHPqToxdmi,616
user617@example.com,user617,$2b$12$cfTP3RYlQExukUdsBRPx/.SF0a5yean1wV.tD.ffaU3dHPqToxdmi,617
user618@example.com,user618,$2b$12$cfTP3RYlQExukUdsBRPx/.SF0a5yean1wV.tD.ffaU3dHPqToxdmi,618
user619@example.com,user619,$2b$12$cfTP3RYlQExukUdsBRPx/.SF0a5yean1wV.tD.ffaU3dHPqToxdmi,619
user620@example.com,user620,$2b$12$cfTP3RYlQExukUdsBRPx/.SF0a5yean1wV.tD.ffaU3dHPqToxdmi,620
user621@example.com,user621,$2b$12$cfTP3RYlQExukUdsBRPx/.SF0a5yean1wV.tD.ffaU3dHPqToxdmi,621
user622@example.com,user622,$2b$12$cfTP3RYlQExukUdsBRPx/.SF0a5yean1wV.tD.ffaU3dHPqToxdmi,622
user623@example.com,user623,$2b$12$cfTP3RYlQExukUdsBRPx/.SF0a5yean1wV.tD.ffaU3dHPqToxdmi,623
user624@example.com,user624,$2b$12$cfTP3RYlQExukUdsBRPx/.SF0a5yean1wV.tD.ffaU3dHPqToxdmi,624
user625@example.com,user625,$2b$12$cfTP3RYlQExukUdsBRPx/.SF0a5yean1wV.tD.ffaU3dHPqToxdmi,625
user626@example.com,user626,$2b$12$cfTP3RYlQExukUdsBRPx/.SF0a5yean1wV.tD.ffaU3dHPqToxdmi,626
user627@example.com,user627,$2b$12$cfTP3RYlQExukUdsBRPx/.SF0a5yean1wV.tD.ffaU3dHPqToxdmi,627
user628@example.com,user628,$2b$12$cfTP3RYlQExukUdsBRPx/.SF0a5yean1wV.tD.ffaU3dHPqToxdmi,628
user629@example.com,user629,$2b$12$cfTP3RYlQExukUdsBRPx/.SF0a5yean1wV.tD.ffaU3dHPqToxdmi,629
user630@example.com,user630,$2b$12$cfTP3RYlQExukUdsBRPx/.SF0a5yean1wV.tD.ffaU3dHPqToxdmi,630
user631@example.com,user631,$2b$12$cfTP3RYlQExukUdsBRPx/.SF0a5yean1wV.tD.ffaU3dHPqToxdmi,631
user632@example.com,user632,$2b$12$cfTP3RYlQExukUdsBRPx/.SF0a5yean1wV.tD.ffaU3dHPqToxdmi,632
user633@example.com,user633,$2b$12$cfTP3RYlQExukUdsBRPx/.SF0a5yean1wV.tD.ffaU3dHPqToxdmi,633
user634@example.com,user634,$2b$12$cfTP3RYlQExukUdsBRPx/.SF0a5yean1wV.tD.ffaU3dHPqToxdmi,634
user635@example.com,user635,$2b$12$cfTP3RYlQExukUdsBRPx/.SF0a5yean1wV.tD.ffaU3dHPqToxdmi,635
user636@example.com,user636,$2b$12$cfTP3RYlQExukUdsBRPx/.SF0a5yean1wV.tD.ffaU3dHPqToxdmi,636
user637@example.com,user637,$2b$12$cfTP3RYlQExukUdsBRPx/.SF0a5yean1wV.tD.ffaU3dHPqToxdmi,637
user638@example.com,user638,$2b$12$cfTP3RYlQExukUdsBRPx/.SF0a5yean1wV.tD.ffaU3dHPqToxdmi,638
user639@example.com,user639,$2b$12$cfTP3RYlQExukUdsBRPx/.SF0a5yean1wV.tD.ffaU3dHPqToxdmi,639
user640@example.com,user640,$2b$12$cfTP3RYlQExukUdsBRPx/.SF0a5yean1wV.tD.ffaU3dHPqToxdmi,640
user641@example.com,user641,$2b$12$cfTP3RYlQExukUdsBRPx/.SF0a5yean1wV.tD.ffaU3dHPqToxdmi,641
user642@example.com,user642,$2b$12$cfTP3RYlQExukUdsBRPx/.SF0a5yean1wV.tD.ffaU3dHPqToxdmi,642
user643@example.com,user643,$2b$12$cfTP3RYlQExukUdsBRPx/.SF0a5yean1wV.tD.ffaU3dHPqToxdmi,643
user644@example.com,user644,$2b$12$cfTP3RYlQExukUdsBRPx/.SF0a5yean1wV.tD.ffaU3dHPqToxdmi,644
user645@example.com,user645,$2b$12$cfTP3RYlQExukUdsBRPx/.SF0a5yean1wV.tD.ffaU3dHPqToxdmi,645
user646@example.com,user646,$2b$12$cfTP3RYlQExukUdsBRPx/.SF0a5yean1wV.tD.ffaU3dHPqToxdmi,646
user647@example.com,user647,$2b$12$cfTP3RYlQExukUdsBRPx/.SF0a5yean1wV.tD.ffaU3dHPqToxdmi,647
user648@example.com,user648,$2b$12$cfTP3RYlQExukUdsBRPx/.SF0a5yean1wV.tD.ffaU3dHPqToxdmi,648
user649@example.com,user649,$2b$12$cfTP3RYlQExukUdsBRPx/.SF0a5yean1wV.tD.ffaU3dHPqToxdmi,649
user650@example.com,user650,$2b$12$cfTP3RYlQExukUdsBRPx/.SF0a5yean1wV.tD.ffaU3dHPqToxdmi,650
user651@example.com,user651,$2b$12$cfTP3RYlQExukUdsBRPx/.SF0a5yean1wV.tD.ffaU3dHPqToxdmi,651
user652@example.com,user652,$2b$12$cfTP3RYlQExukUdsBRPx/.SF0a5yean1wV.tD.ffaU3dHPqToxdmi,652
user653@example.com,user653,$2b$12$cfTP3RYlQExukUdsBRPx/.SF0a5yean1wV.tD.ffaU3dHPqToxdmi,653
user654@example.com,user654,$2b$12$cfTP3RYlQExukUdsBRPx/.SF0a5yean1wV.tD.ffaU3dHPqToxdmi,654
user655@example.com,user655,$2b$12$cfTP3RYlQExukUdsBRPx/.SF0a5yean1wV.tD.ffaU3dHPqToxdmi,655
user656@example.com,user656,$2b$12$cfTP3RYlQExukUdsBRPx/.SF0a5yean1wV.tD.ffaU3dHPqToxdmi,656
user657@example.com,user657,$2b$12$cfTP3RYlQExukUdsBRPx/.SF0a5yean1wV.tD.ffaU3dHPqToxdmi,657
user658@example.com,user658,$2b$12$cfTP3RYlQExukUdsBRPx/.SF0a5yean1wV.tD.ffaU3dHPqToxdmi,658
user659@example.com,user659,$2b$12$cfTP3RYlQExukUdsBRPx/.SF0a5yean1wV.tD.ffaU3dHPqToxdmi,659
user660@example.com,user660,$2b$12$cfTP3RYlQExukUdsBRPx/.SF0a5yean1wV.tD.ffaU3dHPqToxdmi,660
user661@example.com,user661,$2b$12$cfTP3RYlQExukUdsBRPx/.SF0a5yean1wV.tD.ffaU3dHPqToxdmi,661
user662@example.com,user662,$2b$12$cfTP3RYlQExukUdsBRPx/.SF0a5yean1wV.tD.ffaU3dHPqToxdmi,662
user663@example.com,user663,$2b$12$cfTP3RYlQExukUdsBRPx/.SF0a5yean1wV.tD.ffaU3dHPqToxdmi,663
user664@example.com,user664,$2b$12$cfTP3RYlQExukUdsBRPx/.SF0a5yean1wV.tD.ffaU3dHPqToxdmi,664
user665@example.com,user665,$2b$12$cfTP3RYlQExukUdsBRPx/.SF0a5yean1wV.tD.ffaU3dHPqToxdmi,665
user666@example.com,user666,$2b$12$cfTP3RYlQExukUdsBRPx/.SF0a5yean1wV.tD.ffaU3dHPqToxdmi,666
user667@example.com,user667,$2b$12$cfTP3RYlQExukUdsBRPx/.SF0a5yean1wV.tD.ffaU3dHPqToxdmi,667
user668@example.com,user668,$2b$12$cfTP3RYlQExukUdsBRPx/.SF0a5yean1wV.tD.ffaU3dHPqToxdmi,668
user669@example.com,user669,$2b$12$cfTP3RYlQExukUdsBRPx/.SF0a5yean1wV.tD.ffaU3dHPqToxdmi,669
user670@example.com,user670,$2b$12$cfTP3RYlQExukUdsBRPx/.SF0a5yean1wV.tD.ffaU3dHPqToxdmi,670
user671@example.com,user671,$2b$12$cfTP3RYlQExukUdsBRPx/.SF0a5yean1wV.tD.ffaU3dHPqToxdmi,671
user672@example.com,user672,$2b$12$cfTP3RYlQExukUdsBRPx/.SF0a5yean1wV.tD.ffaU3dHPqToxdmi,672
user673@example.com,user673,$2b$12$cfTP3RYlQExukUdsBRPx/.SF0a5yean1wV.tD.ffaU3dHPqToxdmi,673
user674@example.com,user674,$2b$12$cfTP3RYlQExukUdsBRPx/.SF0a5yean1wV.tD.ffaU3dHPqToxdmi,674
user675@example.com,user675,$2b$12$cfTP3RYlQExukUdsBRPx/.SF0a5yean1wV.tD.ffaU3dHPqToxdmi,675
user676@example.com,user676,$2b$12$cfTP3RYlQExukUdsBRPx/.SF0a5yean1wV.tD.ffaU3dHPqToxdmi,676
user677@example.com,user677,$2b$12$cfTP3RYlQExukUdsBRPx/.SF0a5yean1wV.tD.ffaU3dHPqToxdmi,677
user678@example.com,user678,$2b$12$cfTP3RYlQExukUdsBRPx/.SF0a5yean1wV.tD.ffaU3dHPqToxdmi,678
user679@example.com,user679,$2b$12$cfTP3RYlQExukUdsBRPx/.SF0a5yean1wV.tD.ffaU3dHPqToxdmi,679
user680@example.com,user680,$2b$12$cfTP3RYlQExukUdsBRPx/.SF0a5yean1wV.tD.ffaU3dHPqToxdmi,680
user681@example.com,user681,$2b$12$cfTP3RYlQExukUdsBRPx/.SF0a5yean1wV.tD.ffaU3dHPqToxdmi,681
user682@example.com,user682,$2b$12$cfTP3RYlQExukUdsBRPx/.SF0a5yean1wV.tD.ffaU3dHPqToxdmi,682
user683@example.com,user683,$2b$12$cfTP3RYlQExukUdsBRPx/.SF0a5yean1wV.tD.ffaU3dHPqToxdmi,683
user684@example.com,user684,$2b$12$cfTP3RYlQExukUdsBRPx/.SF0a5yean1wV.tD.ffaU3dHPqToxdmi,684
user685@example.com,user685,$2b$12$cfTP3RYlQExukUdsBRPx/.SF0a5yean1wV.tD.ffaU3dHPqToxdmi,685
user686@example.com,user686,$2b$12$cfTP3RYlQExukUdsBRPx/.SF0a5yean1wV.tD.ffaU3dHPqToxdmi,686
user687@example.com,user687,$2b$12$cfTP3RYlQExukUdsBRPx/.SF0a5yean1wV.tD.ffaU3dHPqToxdmi,687
user688@example.com,user688,$2b$12$cfTP3RYlQExukUdsBRPx/.SF0a5yean1wV.tD.ffaU3dHPqToxdmi,688
user689@example.com,user689,$2b$12$cfTP3RYlQExukUdsBRPx/.SF0a5yean1wV.tD.ffaU3dHPqToxdmi,689
user690@example.com,user690,$2b$12$cfTP3RYlQExukUdsBRPx/.SF0a5yean1wV.tD.ffaU3dHPqToxdmi,690
user691@example.com,user691,$2b$12$cfTP3RYlQExukUdsBRPx/.SF0a5yean1wV.tD.ffaU3dHPqToxdmi,691
user692@example.com,user692,$2b$12$cfTP3RYlQExukUdsBRPx/.SF0a5yean1wV.tD.ffaU3dHPqToxdmi,692
user693@example.com,user693,$2b$12$cfTP3RYlQExukUdsBRPx/.SF0a5yean1wV.tD.ffaU3dHPqToxdmi,693
user694@example.com,user694,$2b$12$cfTP3RYlQExukUdsBRPx/.SF0a5yean1wV.tD.ffaU3dHPqToxdmi,694
user695@example.com,user695,$2b$12$cfTP3RYlQExukUdsBRPx/.SF0a5yean1wV.tD.ffaU3dHPqToxdmi,695
user696@example.com,user696,$2b$12$cfTP3RYlQExukUdsBRPx/.SF0a5yean1wV.tD.ffaU3dHPqToxdmi,696
user697@example.com,user697,$2b$12$cfTP3RYlQExukUdsBRPx/.SF0a5yean1wV.tD.ffaU3dHPqToxdmi,697
user698@example.com,user698,$2b$12$cfTP3RYlQExukUdsBRPx/.SF0a5yean1wV.tD.ffaU3dHPqToxdmi,698
user699@example.com,user699,$2b$12$cfTP3RYlQExukUdsBRPx/.SF0a5yean1wV.tD.ffaU3dHPqToxdmi,699
user700@example.com,user700,$2b$12$cfTP3RYlQExukUdsBRPx/.SF0a5yean1wV.tD.ffaU3dHPqToxdmi,700
user701@example.com,user701,$2b$12$cfTP3RYlQExukUdsBRPx/.SF0a5yean1wV.tD.ffaU3dHPqToxdmi,701
user702@example.com,user702,$2b$12$cfTP3RYlQExukUdsBRPx/.SF0a5yean1wV.tD.ffaU3dHPqToxdmi,702
user703@example.com,user703,$2b$12$cfTP3RYlQExukUdsBRPx/.SF0a5yean1wV.tD.ffaU3dHPqToxdmi,703
user704@example.com,user704,$2b$12$cfTP3RYlQExukUdsBRPx/.SF0a5yean1wV.tD.ffaU3dHPqToxdmi,704
user705@example.com,user705,$2b$12$cfTP3RYlQExukUdsBRPx/.SF0a5yean1wV.tD.ffaU3dHPqToxdmi,705
user706@example.com,user706,$2b$12$cfTP3RYlQExukUdsBRPx/.SF0a5yean1wV.tD.ffaU3dHPqToxdmi,706
user707@example.com,user707,$2b$12$cfTP3RYlQExukUdsBRPx/.SF0a5yean1wV.tD.ffaU3dHPqToxdmi,707
user708@example.com,user708,$2b$12$cfTP3RYlQExukUdsBRPx/.SF0a5yean1wV.tD.ffaU3dHPqToxdmi,708
user709@example.com,user709,$2b$12$cfTP3RYlQExukUdsBRPx/.SF0a5yean1wV.tD.ffaU3dHPqToxdmi,709
user710@example.com,user710,$2b$12$cfTP3RYlQExukUdsBRPx/.SF0a5yean1wV.tD.ffaU3dHPqToxdmi,710
user711@example.com,user711,$2b$12$cfTP3RYlQExukUdsBRPx/.SF0a5yean1wV.tD.ffaU3dHPqToxdmi,711
user712@example.com,user712,$2b$12$cfTP3RYlQExukUdsBRPx/.SF0a5yean1wV.tD.ffaU3dHPqToxdmi,712
user713@example.com,user713,$2b$12$cfTP3RYlQExukUdsBRPx/.SF0a5yean1wV.tD.ffaU3dHPqToxdmi,713
user714@example.com,user714,$2b$12$cfTP3RYlQExukUdsBRPx/.SF0a5yean1wV.tD.ffaU3dHPqToxdmi,714
user715@example.com,user715,$2b$12$cfTP3RYlQExukUdsBRPx/.SF0a5yean1wV.tD.ffaU3dHPqToxdmi,715
user716@example.com,user716,$2b$12$cfTP3RYlQExukUdsBRPx/.SF0a5yean1wV.tD.ffaU3dHPqToxdmi,716
user717@example.com,user717,$2b$12$cfTP3RYlQExukUdsBRPx/.SF0a5yean1wV.tD.ffaU3dHPqToxdmi,717
user718@example.com,user718,$2b$12$cfTP3RYlQExukUdsBRPx/.SF0a5yean1wV.tD.ffaU3dHPqToxdmi,718
user719@example.com,user719,$2b$12$cfTP3RYlQExukUdsBRPx/.SF0a5yean1wV.tD.ffaU3dHPqToxdmi,719
user720@example.com,user720,$2b$12$cfTP3RYlQExukUdsBRPx/.SF0a5yean1wV.tD.ffaU3dHPqToxdmi,720
user721@example.com,user721,$2b$12$cfTP3RYlQExukUdsBRPx/.SF0a5yean1wV.tD.ffaU3dHPqToxdmi,721
user722@example.com,user722,$2b$12$cfTP3RYlQExukUdsBRPx/.SF0a5yean1wV.tD.ffaU3dHPqToxdmi,722
user723@example.com,user723,$2b$12$cfTP3RYlQExukUdsBRPx/.SF0a5yean1wV.tD.ffaU3dHPqToxdmi,723
user724@example.com,user724,$2b$12$cfTP3RYlQExukUdsBRPx/.SF0a5yean1wV.tD.ffaU3dHPqToxdmi,724
user725@example.com,user725,$2b$12$cfTP3RYlQExukUdsBRPx/.SF0a5yean1wV.tD.ffaU3dHPqToxdmi,725
user726@example.com,user726,$2b$12$cfTP3RYlQExukUdsBRPx/.SF0a5yean1wV.tD.ffaU3dHPqToxdmi,726
user727@example.com,user727,$2b$12$cfTP3RYlQExukUdsBRPx/.SF0a5yean1wV.tD.ffaU3dHPqToxdmi,727
user728@example.com,user728,$2b$12$cfTP3RYlQExukUdsBRPx/.SF0a5yean1wV.tD.ffaU3dHPqToxdmi,728
user729@example.com,user729,$2b$12$cfTP3RYlQExukUdsBRPx/.SF0a5yean1wV.tD.ffaU3dHPqToxdmi,729
user730@example.com,user730,$2b$12$cfTP3RYlQExukUdsBRPx/.SF0a5yean1wV.tD.ffaU3dHPqToxdmi,730
user731@example.com,user731,$2b$12$cfTP3RYlQExukUdsBRPx/.SF0a5yean1wV.tD.ffaU3dHPqToxdmi,731
user732@example.com,user732,$2b$12$cfTP3RYlQExukUdsBRPx/.SF0a5yean1wV.tD.ffaU3dHPqToxdmi,732
user733@example.com,user733,$2b$12$cfTP3RYlQExukUdsBRPx/.SF0a5yean1wV.tD.ffaU3dHPqToxdmi,733
user734@example.com,user734,$2b$12$cfTP3RYlQExukUdsBRPx/.SF0a5yean1wV.tD.ffaU3dHPqToxdmi,734
user735@example.com,user735,$2b$12$cfTP3RYlQExukUdsBRPx/.SF0a5yean1wV.tD.ffaU3dHPqToxdmi,735
user736@example.com,user736,$2b$12$cfTP3RYlQExukUdsBRPx/.SF0a5yean1wV.tD.ffaU3dHPqToxdmi,736
user737@example.com,user737,$2b$12$cfTP3RYlQExukUdsBRPx/.SF0a5yean1wV.tD.ffaU3dHPqToxdmi,737
user738@example.com,user738,$2b$12$cfTP3RYlQExukUdsBRPx/.SF0a5yean1wV.tD.ffaU3dHPqToxdmi,738
user739@example.com,user739,$2b$12$cfTP3RYlQExukUdsBRPx/.SF0a5yean1wV.tD.ffaU3dHPqToxdmi,739
user740@example.com,user740,$2b$12$cfTP3RYlQExukUdsBRPx/.SF0a5yean1wV.tD.ffaU3dHPqToxdmi,740
user741@example.com,user741,$2b$12$cfTP3RYlQExukUdsBRPx/.SF0a5yean1wV.tD.ffaU3dHPqToxdmi,741
user742@example.com,user742,$2b$12$cfTP3RYlQExukUdsBRPx/.SF0a5yean1wV.tD.ffaU3dHPqToxdmi,742
user743@example.com,user743,$2b$12$cfTP3RYlQExukUdsBRPx/.SF0a5yean1wV.tD.ffaU3dHPqToxdmi,743
user744@example.com,user744,$2b$12$cfTP3RYlQExukUdsBRPx/.SF0a5yean1wV.tD.ffaU3dHPqToxdmi,744
user745@example.com,user745,$2b$12$cfTP3RYlQExukUdsBRPx/.SF0a5yean1wV.tD.ffaU3dHPqToxdmi,745
user746@example.com,user746,$2b$12$cfTP3RYlQExukUdsBRPx/.SF0a5yean1wV.tD.ffaU3dHPqToxdmi,746
user747@example.com,user747,$2b$12$cfTP3RYlQExukUdsBRPx/.SF0a5yean1wV.tD.ffaU3dHPqToxdmi,747
user748@example.com,user748,$2b$12$cfTP3RYlQExukUdsBRPx/.SF0a5yean1wV.tD.ffaU3dHPqToxdmi,748
user749@example.com,user749,$2b$12$cfTP3RYlQExukUdsBRPx/.SF0a5yean1wV.tD.ffaU3dHPqToxdmi,749
user750@example.com,user750,$2b$12$cfTP3RYlQExukUdsBRPx/.SF0a5yean1wV.tD.ffaU3dHPqToxdmi,750
user751@example.com,user751,$2b$12$cfTP3RYlQExukUdsBRPx/.SF0a5yean1wV.tD.ffaU3dHPqToxdmi,751
user752@example.com,user752,$2b$12$cfTP3RYlQExukUdsBRPx/.SF0a5yean1wV.tD.ffaU3dHPqToxdmi,752
user753@example.com,user753,$2b$12$cfTP3RYlQExukUdsBRPx/.SF0a5yean1wV.tD.ffaU3dHPqToxdmi,753
user754@example.com,user754,$2b$12$cfTP3RYlQExukUdsBRPx/.SF0a5yean1wV.tD.ffaU3dHPqToxdmi,754
user755@example.com,user755,$2b$12$cfTP3RYlQExukUdsBRPx/.SF0a5yean1wV.tD.ffaU3dHPqToxdmi,755
user756@example.com,user756,$2b$12$cfTP3RYlQExukUdsBRPx/.SF0a5yean1wV.tD.ffaU3dHPqToxdmi,756
user757@example.com,user757,$2b$12$cfTP3RYlQExukUdsBRPx/.SF0a5yean1wV.tD.ffaU3dHPqToxdmi,757
user758@example.com,user758,$2b$12$cfTP3RYlQExukUdsBRPx/.SF0a5yean1wV.tD.ffaU3dHPqToxdmi,758
user759@example.com,user759,$2b$12$cfTP3RYlQExukUdsBRPx/.SF0a5yean1wV.tD.ffaU3dHPqToxdmi,759
user760@example.com,user760,$2b$12$cfTP3RYlQExukUdsBRPx/.SF0a5yean1wV.tD.ffaU3dHPqToxdmi,760
user761@example.com,user761,$2b$12$cfTP3RYlQExukUdsBRPx/.SF0a5yean1wV.tD.ffaU3dHPqToxdmi,761
user762@example.com,user762,$2b$12$cfTP3RYlQExukUdsBRPx/.SF0a5yean1wV.tD.ffaU3dHPqToxdmi,762
user763@example.com,user763,$2b$12$cfTP3RYlQExukUdsBRPx/.SF0a5yean1wV.tD.ffaU3dHPqToxdmi,763
user764@example.com,user764,$2b$12$cfTP3RYlQExukUdsBRPx/.SF0a5yean1wV.tD.ffaU3dHPqToxdmi,764
user765@example.com,user765,$2b$12$cfTP3RYlQExukUdsBRPx/.SF0a5yean1wV.tD.ffaU3dHPqToxdmi,765
user766@example.com,user766,$2b$12$cfTP3RYlQExukUdsBRPx/.SF0a5yean1wV.tD.ffaU3dHPqToxdmi,766
user767@example.com,user767,$2b$12$cfTP3RYlQExukUdsBRPx/.SF0a5yean1wV.tD.ffaU3dHPqToxdmi,767
user768@example.com,user768,$2b$12$cfTP3RYlQExukUdsBRPx/.SF0a5yean1wV.tD.ffaU3dHPqToxdmi,768
user769@example.com,user769,$2b$12$cfTP3RYlQExukUdsBRPx/.SF0a5yean1wV.tD.ffaU3dHPqToxdmi,769
user770@example.com,user770,$2b$12$cfTP3RYlQExukUdsBRPx/.SF0a5yean1wV.tD.ffaU3dHPqToxdmi,770
user771@example.com,user771,$2b$12$cfTP3RYlQExukUdsBRPx/.SF0a5yean1wV.tD.ffaU3dHPqToxdmi,771
user772@example.com,user772,$2b$12$cfTP3RYlQExukUdsBRPx/.SF0a5yean1wV.tD.ffaU3dHPqToxdmi,772
user773@example.com,user773,$2b$12$cfTP3RYlQExukUdsBRPx/.SF0a5yean1wV.tD.ffaU3dHPqToxdmi,773
user774@example.com,user774,$2b$12$cfTP3RYlQExukUdsBRPx/.SF0a5yean1wV.tD.ffaU3dHPqToxdmi,774
user775@example.com,user775,$2b$12$cfTP3RYlQExukUdsBRPx/.SF0a5yean1wV.tD.ffaU3dHPqToxdmi,775
user776@example.com,user776,$2b$12$cfTP3RYlQExukUdsBRPx/.SF0a5yean1wV.tD.ffaU3dHPqToxdmi,776
user777@example.com,user777,$2b$12$cfTP3RYlQExukUdsBRPx/.SF0a5yean1wV.tD.ffaU3dHPqToxdmi,777
user778@example.com,user778,$2b$12$cfTP3RYlQExukUdsBRPx/.SF0a5yean1wV.tD.ffaU3dHPqToxdmi,778
user779@example.com,user779,$2b$12$cfTP3RYlQExukUdsBRPx/.SF0a5yean1wV.tD.ffaU3dHPqToxdmi,779
user780@example.com,user780,$2b$12$cfTP3RYlQExukUdsBRPx/.SF0a5yean1wV.tD.ffaU3dHPqToxdmi,780
user781@example.com,user781,$2b$12$cfTP3RYlQExukUdsBRPx/.SF0a5yean1wV.tD.ffaU3dHPqToxdmi,781
user782@example.com,user782,$2b$12$cfTP3RYlQExukUdsBRPx/.SF0a5yean1wV.tD.ffaU3dHPqToxdmi,782
user783@example.com,user783,$2b$12$cfTP3RYlQExukUdsBRPx/.SF0a5yean1wV.tD.ffaU3dHPqToxdmi,783
user784@example.com,user784,$2b$12$cfTP3RYlQExukUdsBRPx/.SF0a5yean1wV.tD.ffaU3dHPqToxdmi,784
user785@example.com,user785,$2b$12$cfTP3RYlQExukUdsBRPx/.SF0a5yean1wV.tD.ffaU3dHPqToxdmi,785
user786@example.com,user786,$2b$12$cfTP3RYlQExukUdsBRPx/.SF0a5yean1wV.tD.ffaU3dHPqToxdmi,786
user787@example.com,user787,$2b$12$cfTP3RYlQExukUdsBRPx/.SF0a5yean1wV.tD.ffaU3dHPqToxdmi,787
user788@example.com,user788,$2b$12$cfTP3RYlQExukUdsBRPx/.SF0a5yean1wV.tD.ffaU3dHPqToxdmi,788
user789@example.com,user789,$2b$12$cfTP3RYlQExukUdsBRPx/.SF0a5yean1wV.tD.ffaU3dHPqToxdmi,789
user790@example.com,user790,$2b$12$cfTP3RYlQExukUdsBRPx/.SF0a5yean1wV.tD.ffaU3dHPqToxdmi,790
user791@example.com,user791,$2b$12$cfTP3RYlQExukUdsBRPx/.SF0a5yean1wV.tD.ffaU3dHPqToxdmi,791
user792@example.com,user792,$2b$12$cfTP3RYlQExukUdsBRPx/.SF0a5yean1wV.tD.ffaU3dHPqToxdmi,792
user793@example.com,user793,$2b$12$cfTP3RYlQExukUdsBRPx/.SF0a5yean1wV.tD.ffaU3dHPqToxdmi,793
user794@example.com,user794,$2b$12$cfTP3RYlQExukUdsBRPx/.SF0a5yean1wV.tD.ffaU3dHPqToxdmi,794
user795@example.com,user795,$2b$12$cfTP3RYlQExukUdsBRPx/.SF0a5yean1wV.tD.ffaU3dHPqToxdmi,795
user796@example.com,user796,$2b$12$cfTP3RYlQExukUdsBRPx/.SF0a5yean1wV.tD.ffaU3dHPqToxdmi,796
user797@example.com,user797,$2b$12$cfTP3RYlQExukUdsBRPx/.SF0a5yean1wV.tD.ffaU3dHPqToxdmi,797
user798@example.com,user798,$2b$12$cfTP3RYlQExukUdsBRPx/.SF0a5yean1wV.tD.ffaU3dHPqToxdmi,798
user799@example.com,user799,$2b$12$cfTP3RYlQExukUdsBRPx/.SF0a5yean1wV.tD.ffaU3dHPqToxdmi,799
user800@example.com,user800,$2b$12$cfTP3RYlQExukUdsBRPx/.SF0a5yean1wV.tD.ffaU3dHPqToxdmi,800
user801@example.com,user801,$2b$12$cfTP3RYlQExukUdsBRPx/.SF0a5yean1wV.tD.ffaU3dHPqToxdmi,801
user802@example.com,user802,$2b$12$cfTP3RYlQExukUdsBRPx/.SF0a5yean1wV.tD.ffaU3dHPqToxdmi,802
user803@example.com,user803,$2b$12$cfTP3RYlQExukUdsBRPx/.SF0a5yean1wV.tD.ffaU3dHPqToxdmi,803
user804@example.com,user804,$2b$12$cfTP3RYlQExukUdsBRPx/.SF0a5yean1wV.tD.ffaU3dHPqToxdmi,804
user805@example.com,user805,$2b$12$cfTP3RYlQExukUdsBRPx/.SF0a5yean1wV.tD.ffaU3dHPqToxdmi,805
user806@example.com,user806,$2b$12$cfTP3RYlQExukUdsBRPx/.SF0a5yean1wV.tD.ffaU3dHPqToxdmi,806
user807@example.com,user807,$2b$12$cfTP3RYlQExukUdsBRPx/.SF0a5yean1wV.tD.ffaU3dHPqToxdmi,807
user808@example.com,user808,$2b$12$cfTP3RYlQExukUdsBRPx/.SF0a5yean1wV.tD.ffaU3dHPqToxdmi,808
user809@example.com,user809,$2b$12$cfTP3RYlQExukUdsBRPx/.SF0a5yean1wV.tD.ffaU3dHPqToxdmi,809
user810@example.com,user810,$2b$12$cfTP3RYlQExukUdsBRPx/.SF0a5yean1wV.tD.ffaU3dHPqToxdmi,810
user811@example.com,user811,$2b$12$cfTP3RYlQExukUdsBRPx/.SF0a5yean1wV.tD.ffaU3dHPqToxdmi,811
user812@example.com,user812,$2b$12$cfTP3RYlQExukUdsBRPx/.SF0a5yean1wV.tD.ffaU3dHPqToxdmi,812
user813@example.com,user813,$2b$12$cfTP3RYlQExukUdsBRPx/.SF0a5yean1wV.tD.ffaU3dHPqToxdmi,813
user814@example.com,user814,$2b$12$cfTP3RYlQExukUdsBRPx/.SF0a5yean1wV.tD.ffaU3dHPqToxdmi,814
user815@example.com,user815,$2b$12$cfTP3RYlQExukUdsBRPx/.SF0a5yean1wV.tD.ffaU3dHPqToxdmi,815
user816@example.com,user816,$2b$12$cfTP3RYlQExukUdsBRPx/.SF0a5yean1wV.tD.ffaU3dHPqToxdmi,816
user817@example.com,user817,$2b$12$cfTP3RYlQExukUdsBRPx/.SF0a5yean1wV.tD.ffaU3dHPqToxdmi,817
user818@example.com,user818,$2b$12$cfTP3RYlQExukUdsBRPx/.SF0a5yean1wV.tD.ffaU3dHPqToxdmi,818
user819@example.com,user819,$2b$12$cfTP3RYlQExukUdsBRPx/.SF0a5yean1wV.tD.ffaU3dHPqToxdmi,819
user820@example.com,user820,$2b$12$cfTP3RYlQExukUdsBRPx/.SF0a5yean1wV.tD.ffaU3dHPqToxdmi,820
user821@example.com,user821,$2b$12$cfTP3RYlQExukUdsBRPx/.SF0a5yean1wV.tD.ffaU3dHPqToxdmi,821
user822@example.com,user822,$2b$12$cfTP3RYlQExukUdsBRPx/.SF0a5yean1wV.tD.ffaU3dHPqToxdmi,822
user823@example.com,user823,$2b$12$cfTP3RYlQExukUdsBRPx/.SF0a5yean1wV.tD.ffaU3dHPqToxdmi,823
user824@example.com,user824,$2b$12$cfTP3RYlQExukUdsBRPx/.SF0a5yean1wV.tD.ffaU3dHPqToxdmi,824
user825@example.com,user825,$2b$12$cfTP3RYlQExukUdsBRPx/.SF0a5yean1wV.tD.ffaU3dHPqToxdmi,825
user826@example.com,user826,$2b$12$cfTP3RYlQExukUdsBRPx/.SF0a5yean1wV.tD.ffaU3dHPqToxdmi,826
user827@example.com,user827,$2b$12$cfTP3RYlQExukUdsBRPx/.SF0a5yean1wV.tD.ffaU3dHPqToxdmi,827
user828@example.com,user828,$2b$12$cfTP3RYlQExukUdsBRPx/.SF0a5yean1wV.tD.ffaU3dHPqToxdmi,828
user829@example.com,user829,$2b$12$cfTP3RYlQExukUdsBRPx/.SF0a5yean1wV.tD.ffaU3dHPqToxdmi,829
user830@example.com,user830,$2b$12$cfTP3RYlQExukUdsBRPx/.SF0a5yean1wV.tD.ffaU3dHPqToxdmi,830
user831@example.com,user831,$2b$12$cfTP3RYlQExukUdsBRPx/.SF0a5yean1wV.tD.ffaU3dHPqToxdmi,831
user832@example.com,user832,$2b$12$cfTP3RYlQExukUdsBRPx/.SF0a5yean1wV.tD.ffaU3dHPqToxdmi,832
user833@example.com,user833,$2b$12$cfTP3RYlQExukUdsBRPx/.SF0a5yean1wV.tD.ffaU3dHPqToxdmi,833
user834@example.com,user834,$2b$12$cfTP3RYlQExukUdsBRPx/.SF0a5yean1wV.tD.ffaU3dHPqToxdmi,834
user835@example.com,user835,$2b$12$cfTP3RYlQExukUdsBRPx/.SF0a5yean1wV.tD.ffaU3dHPqToxdmi,835
user836@example.com,user836,$2b$12$cfTP3RYlQExukUdsBRPx/.SF0a5yean1wV.tD.ffaU3dHPqToxdmi,836
user837@example.com,user837,$2b$12$cfTP3RYlQExukUdsBRPx/.SF0a5yean1wV.tD.ffaU3dHPqToxdmi,837
user838@example.com,user838,$2b$12$cfTP3RYlQExukUdsBRPx/.SF0a5yean1wV.tD.ffaU3dHPqToxdmi,838
user839@example.com,user839,$2b$12$cfTP3RYlQExukUdsBRPx/.SF0a5yean1wV.tD.ffaU3dHPqToxdmi,839
user840@example.com,user840,$2b$12$cfTP3RYlQExukUdsBRPx/.SF0a5yean1wV.tD.ffaU3dHPqToxdmi,840
user841@example.com,user841,$2b$12$cfTP3RYlQExukUdsBRPx/.SF0a5yean1wV.tD.ffaU3dHPqToxdmi,841
user842@example.com,user842,$2b$12$cfTP3RYlQExukUdsBRPx/.SF0a5yean1wV.tD.ffaU3dHPqToxdmi,842
user843@example.com,user843,$2b$12$cfTP3RYlQExukUdsBRPx/.SF0a5yean1wV.tD.ffaU3dHPqToxdmi,843
user844@example.com,user844,$2b$12$cfTP3RYlQExukUdsBRPx/.SF0a5yean1wV.tD.ffaU3dHPqToxdmi,844
user845@example.com,user845,$2b$12$cfTP3RYlQExukUdsBRPx/.SF0a5yean1wV.tD.ffaU3dHPqToxdmi,845
user846@example.com,user846,$2b$12$cfTP3RYlQExukUdsBRPx/.SF0a5yean1wV.tD.ffaU3dHPqToxdmi,846
user847@example.com,user847,$2b$12$cfTP3RYlQExukUdsBRPx/.SF0a5yean1wV.tD.ffaU3dHPqToxdmi,847
user848@example.com,user848,$2b$12$cfTP3RYlQExukUdsBRPx/.SF0a5yean1wV.tD.ffaU3dHPqToxdmi,848
user849@example.com,user849,$2b$12$cfTP3RYlQExukUdsBRPx/.SF0a5yean1wV.tD.ffaU3dHPqToxdmi,849
user850@example.com,user850,$2b$12$cfTP3RYlQExukUdsBRPx/.SF0a5yean1wV.tD.ffaU3dHPqToxdmi,850
user851@example.com,user851,$2b$12$cfTP3RYlQExukUdsBRPx/.SF0a5yean1wV.tD.ffaU3dHPqToxdmi,851
user852@example.com,user852,$2b$12$cfTP3RYlQExukUdsBRPx/.SF0a5yean1wV.tD.ffaU3dHPqToxdmi,852
user853@example.com,user853,$2b$12$cfTP3RYlQExukUdsBRPx/.SF0a5yean1wV.tD.ffaU3dHPqToxdmi,853
user854@example.com,user854,$2b$12$cfTP3RYlQExukUdsBRPx/.SF0a5yean1wV.tD.ffaU3dHPqToxdmi,854
user855@example.com,user855,$2b$12$cfTP3RYlQExukUdsBRPx/.SF0a5yean1wV.tD.ffaU3dHPqToxdmi,855
user856@example.com,user856,$2b$12$cfTP3RYlQExukUdsBRPx/.SF0a5yean1wV.tD.ffaU3dHPqToxdmi,856
user857@example.com,user857,$2b$12$cfTP3RYlQExukUdsBRPx/.SF0a5yean1wV.tD.ffaU3dHPqToxdmi,857
user858@example.com,user858,$2b$12$cfTP3RYlQExukUdsBRPx/.SF0a5yean1wV.tD.ffaU3dHPqToxdmi,858
user859@example.com,user859,$2b$12$cfTP3RYlQExukUdsBRPx/.SF0a5yean1wV.tD.ffaU3dHPqToxdmi,859
user860@example.com,user860,$2b$12$cfTP3RYlQExukUdsBRPx/.SF0a5yean1wV.tD.ffaU3dHPqToxdmi,860
user861@example.com,user861,$2b$12$cfTP3RYlQExukUdsBRPx/.SF0a5yean1wV.tD.ffaU3dHPqToxdmi,861
user862@example.com,user862,$2b$12$cfTP3RYlQExukUdsBRPx/.SF0a5yean1wV.tD.ffaU3dHPqToxdmi,862
user863@example.com,user863,$2b$12$cfTP3RYlQExukUdsBRPx/.SF0a5yean1wV.tD.ffaU3dHPqToxdmi,863
user864@example.com,user864,$2b$12$cfTP3RYlQExukUdsBRPx/.SF0a5yean1wV.tD.ffaU3dHPqToxdmi,864
user865@example.com,user865,$2b$12$cfTP3RYlQExukUdsBRPx/.SF0a5yean1wV.tD.ffaU3dHPqToxdmi,865
user866@example.com,user866,$2b$12$cfTP3RYlQExukUdsBRPx/.SF0a5yean1wV.tD.ffaU3dHPqToxdmi,866
user867@example.com,user867,$2b$12$cfTP3RYlQExukUdsBRPx/.SF0a5yean1wV.tD.ffaU3dHPqToxdmi,867
user868@example.com,user868,$2b$12$cfTP3RYlQExukUdsBRPx/.SF0a5yean1wV.tD.ffaU3dHPqToxdmi,868
user869@example.com,user869,$2b$12$cfTP3RYlQExukUdsBRPx/.SF0a5yean1wV.tD.ffaU3dHPqToxdmi,869
user870@example.com,user870,$2b$12$cfTP3RYlQExukUdsBRPx/.SF0a5yean1wV.tD.ffaU3dHPqToxdmi,870
user871@example.com,user871,$2b$12$cfTP3RYlQExukUdsBRPx/.SF0a5yean1wV.tD.ffaU3dHPqToxdmi,871
user872@example.com,user872,$2b$12$cfTP3RYlQExukUdsBRPx/.SF0a5yean1wV.tD.ffaU3dHPqToxdmi,872
user873@example.com,user873,$2b$12$cfTP3RYlQExukUdsBRPx/.SF0a5yean1wV.tD.ffaU3dHPqToxdmi,873
user874@example.com,user874,$2b$12$cfTP3RYlQExukUdsBRPx/.SF0a5yean1wV.tD.ffaU3dHPqToxdmi,874
user875@example.com,user875,$2b$12$cfTP3RYlQExukUdsBRPx/.SF0a5yean1wV.tD.ffaU3dHPqToxdmi,875
user876@example.com,user876,$2b$12$cfTP3RYlQExukUdsBRPx/.SF0a5yean1wV.tD.ffaU3dHPqToxdmi,876
user877@example.com,user877,$2b$12$cfTP3RYlQExukUdsBRPx/.SF0a5yean1wV.tD.ffaU3dHPqToxdmi,877
user878@example.com,user878,$2b$12$cfTP3RYlQExukUdsBRPx/.SF0a5yean1wV.tD.ffaU3dHPqToxdmi,878
user879@example.com,user879,$2b$12$cfTP3RYlQExukUdsBRPx/.SF0a5yean1wV.tD.ffaU3dHPqToxdmi,879
user880@example.com,user880,$2b$12$cfTP3RYlQExukUdsBRPx/.SF0a5yean1wV.tD.ffaU3dHPqToxdmi,880
user881@example.com,user881,$2b$12$cfTP3RYlQExukUdsBRPx/.SF0a5yean1wV.tD.ffaU3dHPqToxdmi,881
user882@example.com,user882,$2b$12$cfTP3RYlQExukUdsBRPx/.SF0a5yean1wV.tD.ffaU3dHPqToxdmi,882
user883@example.com,user883,$2b$12$cfTP3RYlQExukUdsBRPx/.SF0a5yean1wV.tD.ffaU3dHPqToxdmi,883
user884@example.com,user884,$2b$12$cfTP3RYlQExukUdsBRPx/.SF0a5yean1wV.tD.ffaU3dHPqToxdmi,884
user885@example.com,user885,$2b$12$cfTP3RYlQExukUdsBRPx/.SF0a5yean1wV.tD.ffaU3dHPqToxdmi,885
user886@example.com,user886,$2b$12$cfTP3RYlQExukUdsBRPx/.SF0a5yean1wV.tD.ffaU3dHPqToxdmi,886
user887@example.com,user887,$2b$12$cfTP3RYlQExukUdsBRPx/.SF0a5yean1wV.tD.ffaU3dHPqToxdmi,887
user888@example.com,user888,$2b$12$cfTP3RYlQExukUdsBRPx/.SF0a5yean1wV.tD.ffaU3dHPqToxdmi,888
user889@example.com,user889,$2b$12$cfTP3RYlQExukUdsBRPx/.SF0a5yean1wV.tD.ffaU3dHPqToxdmi,889
user890@example.com,user890,$2b$12$cfTP3RYlQExukUdsBRPx/.SF0a5yean1wV.tD.ffaU3dHPqToxdmi,890
user891@example.com,user891,$2b$12$cfTP3RYlQExukUdsBRPx/.SF0a5yean1wV.tD.ffaU3dHPqToxdmi,891
user892@example.com,user892,$2b$12$cfTP3RYlQExukUdsBRPx/.SF0a5yean1wV.tD.ffaU3dHPqToxdmi,892
user893@example.com,user893,$2b$12$cfTP3RYlQExukUdsBRPx/.SF0a5yean1wV.tD.ffaU3dHPqToxdmi,893
user894@example.com,user894,$2b$12$cfTP3RYlQExukUdsBRPx/.SF0a5yean1wV.tD.ffaU3dHPqToxdmi,894
user895@example.com,user895,$2b$12$cfTP3RYlQExukUdsBRPx/.SF0a5yean1wV.tD.ffaU3dHPqToxdmi,895
user896@example.com,user896,$2b$12$cfTP3RYlQExukUdsBRPx/.SF0a5yean1wV.tD.ffaU3dHPqToxdmi,896
user897@example.com,user897,$2b$12$cfTP3RYlQExukUdsBRPx/.SF0a5yean1wV.tD.ffaU3dHPqToxdmi,897
user898@example.com,user898,$2b$12$cfTP3RYlQExukUdsBRPx/.SF0a5yean1wV.tD.ffaU3dHPqToxdmi,898
user899@example.com,user899,$2b$12$cfTP3RYlQExukUdsBRPx/.SF0a5yean1wV.tD.ffaU3dHPqToxdmi,899
user900@example.com,user900,$2b$12$cfTP3RYlQExukUdsBRPx/.SF0a5yean1wV.tD.ffaU3dHPqToxdmi,900
user901@example.com,user901,$2b$12$cfTP3RYlQExukUdsBRPx/.SF0a5yean1wV.tD.ffaU3dHPqToxdmi,901
user902@example.com,user902,$2b$12$cfTP3RYlQExukUdsBRPx/.SF0a5yean1wV.tD.ffaU3dHPqToxdmi,902
user903@example.com,user903,$2b$12$cfTP3RYlQExukUdsBRPx/.SF0a5yean1wV.tD.ffaU3dHPqToxdmi,903
user904@example.com,user904,$2b$12$cfTP3RYlQExukUdsBRPx/.SF0a5yean1wV.tD.ffaU3dHPqToxdmi,904
user905@example.com,user905,$2b$12$cfTP3RYlQExukUdsBRPx/.SF0a5yean1wV.tD.ffaU3dHPqToxdmi,905
user906@example.com,user906,$2b$12$cfTP3RYlQExukUdsBRPx/.SF0a5yean1wV.tD.ffaU3dHPqToxdmi,906
user907@example.com,user907,$2b$12$cfTP3RYlQExukUdsBRPx/.SF0a5yean1wV.tD.ffaU3dHPqToxdmi,907
user908@example.com,user908,$2b$12$cfTP3RYlQExukUdsBRPx/.SF0a5yean1wV.tD.ffaU3dHPqToxdmi,908
user909@example.com,user909,$2b$12$cfTP3RYlQExukUdsBRPx/.SF0a5yean1wV.tD.ffaU3dHPqToxdmi,909
user910@example.com,user910,$2b$12$cfTP3RYlQExukUdsBRPx/.SF0a5yean1wV.tD.ffaU3dHPqToxdmi,910
user911@example.com,user911,$2b$12$cfTP3RYlQExukUdsBRPx/.SF0a5yean1wV.tD.ffaU3dHPqToxdmi,911
user912@example.com,user912,$2b$12$cfTP3RYlQExukUdsBRPx/.SF0a5yean1wV.tD.ffaU3dHPqToxdmi,912
user913@example.com,user913,$2b$12$cfTP3RYlQExukUdsBRPx/.SF0a5yean1wV.tD.ffaU3dHPqToxdmi,913
user914@example.com,user914,$2b$12$cfTP3RYlQExukUdsBRPx/.SF0a5yean1wV.tD.ffaU3dHPqToxdmi,914
user915@example.com,user915,$2b$12$cfTP3RYlQExukUdsBRPx/.SF0a5yean1wV.tD.ffaU3dHPqToxdmi,915
user916@example.com,user916,$2b$12$cfTP3RYlQExukUdsBRPx/.SF0a5yean1wV.tD.ffaU3dHPqToxdmi,916
user917@example.com,user917,$2b$12$cfTP3RYlQExukUdsBRPx/.SF0a5yean1wV.tD.ffaU3dHPqToxdmi,917
user918@example.com,user918,$2b$12$cfTP3RYlQExukUdsBRPx/.SF0a5yean1wV.tD.ffaU3dHPqToxdmi,918
user919@example.com,user919,$2b$12$cfTP3RYlQExukUdsBRPx/.SF0a5yean1wV.tD.ffaU3dHPqToxdmi,919
user920@example.com,user920,$2b$12$cfTP3RYlQExukUdsBRPx/.SF0a5yean1wV.tD.ffaU3dHPqToxdmi,920
user921@example.com,user921,$2b$12$cfTP3RYlQExukUdsBRPx/.SF0a5yean1wV.tD.ffaU3dHPqToxdmi,921
user922@example.com,user922,$2b$12$cfTP3RYlQExukUdsBRPx/.SF0a5yean1wV.tD.ffaU3dHPqToxdmi,922
user923@example.com,user923,$2b$12$cfTP3RYlQExukUdsBRPx/.SF0a5yean1wV.tD.ffaU3dHPqToxdmi,923
user924@example.com,user924,$2b$12$cfTP3RYlQExukUdsBRPx/.SF0a5yean1wV.tD.ffaU3dHPqToxdmi,924
user925@example.com,user925,$2b$12$cfTP3RYlQExukUdsBRPx/.SF0a5yean1wV.tD.ffaU3dHPqToxdmi,925
user926@example.com,user926,$2b$12$cfTP3RYlQExukUdsBRPx/.SF0a5yean1wV.tD.ffaU3dHPqToxdmi,926
user927@example.com,user927,$2b$12$cfTP3RYlQExukUdsBRPx/.SF0a5yean1wV.tD.ffaU3dHPqToxdmi,927
user928@example.com,user928,$2b$12$cfTP3RYlQExukUdsBRPx/.SF0a5yean1wV.tD.ffaU3dHPqToxdmi,928
user929@example.com,user929,$2b$12$cfTP3RYlQExukUdsBRPx/.SF0a5yean1wV.tD.ffaU3dHPqToxdmi,929
user930@example.com,user930,$2b$12$cfTP3RYlQExukUdsBRPx/.SF0a5yean1wV.tD.ffaU3dHPqToxdmi,930
user931@example.com,user931,$2b$12$cfTP3RYlQExukUdsBRPx/.SF0a5yean1wV.tD.ffaU3dHPqToxdmi,931
user932@example.com,user932,$2b$12$cfTP3RYlQExukUdsBRPx/.SF0a5yean1wV.tD.ffaU3dHPqToxdmi,932
user933@example.com,user933,$2b$12$cfTP3RYlQExukUdsBRPx/.SF0a5yean1wV.tD.ffaU3dHPqToxdmi,933
user934@example.com,user934,$2b$12$cfTP3RYlQExukUdsBRPx/.SF0a5yean1wV.tD.ffaU3dHPqToxdmi,934
user935@example.com,user935,$2b$12$cfTP3RYlQExukUdsBRPx/.SF0a5yean1wV.tD.ffaU3dHPqToxdmi,935
user936@example.com,user936,$2b$12$cfTP3RYlQExukUdsBRPx/.SF0a5yean1wV.tD.ffaU3dHPqToxdmi,936
user937@example.com,user937,$2b$12$cfTP3RYlQExukUdsBRPx/.SF0a5yean1wV.tD.ffaU3dHPqToxdmi,937
user938@example.com,user938,$2b$12$cfTP3RYlQExukUdsBRPx/.SF0a5yean1wV.tD.ffaU3dHPqToxdmi,938
user939@example.com,user939,$2b$12$cfTP3RYlQExukUdsBRPx/.SF0a5yean1wV.tD.ffaU3dHPqToxdmi,939
user940@example.com,user940,$2b$12$cfTP3RYlQExukUdsBRPx/.SF0a5yean1wV.tD.ffaU3dHPqToxdmi,940
user941@example.com,user941,$2b$12$cfTP3RYlQExukUdsBRPx/.SF0a5yean1wV.tD.ffaU3dHPqToxdmi,941
user942@example.com,user942,$2b$12$cfTP3RYlQExukUdsBRPx/.SF0a5yean1wV.tD.ffaU3dHPqToxdmi,942
user943@example.com,user943,$2b$12$cfTP3RYlQExukUdsBRPx/.SF0a5yean1wV.tD.ffaU3dHPqToxdmi,943
user944@example.com,user944,$2b$12$cfTP3RYlQExukUdsBRPx/.SF0a5yean1wV.tD.ffaU3dHPqToxdmi,944
user945@example.com,user945,$2b$12$cfTP3RYlQExukUdsBRPx/.SF0a5yean1wV.tD.ffaU3dHPqToxdmi,945
user946@example.com,user946,$2b$12$cfTP3RYlQExukUdsBRPx/.SF0a5yean1wV.tD.ffaU3dHPqToxdmi,946
user947@example.com,user947,$2b$12$cfTP3RYlQExukUdsBRPx/.SF0a5yean1wV.tD.ffaU3dHPqToxdmi,947
user948@example.com,user948,$2b$12$cfTP3RYlQExukUdsBRPx/.SF0a5yean1wV.tD.ffaU3dHPqToxdmi,948
user949@example.com,user949,$2b$12$cfTP3RYlQExukUdsBRPx/.SF0a5yean1wV.tD.ffaU3dHPqToxdmi,949
user950@example.com,user950,$2b$12$cfTP3RYlQExukUdsBRPx/.SF0a5yean1wV.tD.ffaU3dHPqToxdmi,950
user951@example.com,user951,$2b$12$cfTP3RYlQExukUdsBRPx/.SF0a5yean1wV.tD.ffaU3dHPqToxdmi,951
user952@example.com,user952,$2b$12$cfTP3RYlQExukUdsBRPx/.SF0a5yean1wV.tD.ffaU3dHPqToxdmi,952
user953@example.com,user953,$2b$12$cfTP3RYlQExukUdsBRPx/.SF0a5yean1wV.tD.ffaU3dHPqToxdmi,953
user954@example.com,user954,$2b$12$cfTP3RYlQExukUdsBRPx/.SF0a5yean1wV.tD.ffaU3dHPqToxdmi,954
user955@example.com,user955,$2b$12$cfTP3RYlQExukUdsBRPx/.SF0a5yean1wV.tD.ffaU3dHPqToxdmi,955
user956@example.com,user956,$2b$12$cfTP3RYlQExukUdsBRPx/.SF0a5yean1wV.tD.ffaU3dHPqToxdmi,956
user957@example.com,user957,$2b$12$cfTP3RYlQExukUdsBRPx/.SF0a5yean1wV.tD.ffaU3dHPqToxdmi,957
user958@example.com,user958,$2b$12$cfTP3RYlQExukUdsBRPx/.SF0a5yean1wV.tD.ffaU3dHPqToxdmi,958
user959@example.com,user959,$2b$12$cfTP3RYlQExukUdsBRPx/.SF0a5yean1wV.tD.ffaU3dHPqToxdmi,959
